Rank,Run ID,Generation,Architecture,Layers,Fold Accuracies,Validation Accuracy,Model Size,Training Time (s)
1,9,3,LSTM,"{'model_type': 'LSTM', 'hidden_units': 64, 'num_layers': 1, 'dropout_rate': 0.30462650327334456, 'bidirectional': True, 'attention': True, 'learning_rate': 4.479519381549659e-06, 'batch_size': 32, 'weight_decay': 1e-05, 'fitness': 0.5017957542835532, 'accuracy': 0.677056277056277}","[0.9090909090909091, 0.7619047619047619, 0.9047619047619048, 0.9047619047619048, 0.7619047619047619]",0.8484848484848484,665794.0,3.384803867340088
2,1,5,LSTM,"{'model_type': 'LSTM', 'hidden_units': 380, 'num_layers': 1, 'dropout_rate': 0.1, 'bidirectional': False, 'attention': True, 'learning_rate': 0.0001963677485517951, 'batch_size': 32, 'weight_decay': 0, 'fitness': 0.6020237369385095, 'accuracy': 0.7627705627705628}","[0.9090909090909091, 0.7142857142857143, 0.9523809523809523, 0.9047619047619048, 0.6666666666666666]",0.8294372294372294,5247802.0,2.6004278659820557
3,2,5,LSTM,"{'model_type': 'LSTM', 'hidden_units': 288, 'num_layers': 1, 'dropout_rate': 0.40504594642311187, 'bidirectional': True, 'attention': True, 'learning_rate': 0.0007392151795020074, 'batch_size': 32, 'weight_decay': 1e-05, 'fitness': 0.5748129988902875, 'accuracy': 0.7437229437229437}","[0.9090909090909091, 0.6666666666666666, 0.9523809523809523, 0.9047619047619048, 0.7142857142857143]",0.8294372294372293,3686978.0,3.0317146301269533
4,9,3,LSTM,"{'model_type': 'LSTM', 'hidden_units': 128, 'num_layers': 1, 'dropout_rate': 0.42301782996837856, 'bidirectional': True, 'attention': True, 'learning_rate': 2.126176463518757e-05, 'batch_size': 64, 'weight_decay': 0, 'fitness': 0.6183504135678999, 'accuracy': 0.7627705627705627}","[0.9090909090909091, 0.7142857142857143, 0.9523809523809523, 0.9047619047619048, 0.6190476190476191]",0.8199134199134199,1429890.0,3.0350899696350098
5,9,3,LSTM,"{'model_type': 'LSTM', 'hidden_units': 512, 'num_layers': 1, 'dropout_rate': 0.5, 'bidirectional': True, 'attention': True, 'learning_rate': 1.3449492197457744e-05, 'batch_size': 32, 'weight_decay': 0, 'fitness': 0.40882660436661517, 'accuracy': 0.6103896103896103}","[0.9090909090909091, 0.6190476190476191, 0.9047619047619048, 0.9047619047619048, 0.7619047619047619]",0.8199134199134199,8078850.0,3.6136539459228514
6,3,1,LSTM,"{'model_type': 'LSTM', 'hidden_units': 512, 'num_layers': 1, 'dropout_rate': 0.5, 'bidirectional': False, 'attention': True, 'learning_rate': 2.0762182326925288e-05, 'batch_size': 32, 'weight_decay': 1e-05}","[0.9090909090909091, 0.6666666666666666, 0.9523809523809523, 0.9047619047619048, 0.6666666666666666]",0.8199134199134198,7816194.0,2.7730369091033937
7,3,5,LSTM,"{'model_type': 'LSTM', 'hidden_units': 512, 'num_layers': 1, 'dropout_rate': 0.386393291944508, 'bidirectional': False, 'attention': True, 'learning_rate': 3.6871297568923193e-06, 'batch_size': 32, 'weight_decay': 1e-05, 'fitness': 0.6799146310138611, 'accuracy': 0.8112554112554113}","[0.8181818181818182, 0.6190476190476191, 0.9523809523809523, 0.9523809523809523, 0.7142857142857143]",0.8112554112554113,7816194.0,3.612379264831543
8,3,3,LSTM,"{'model_type': 'LSTM', 'hidden_units': 512, 'num_layers': 2, 'dropout_rate': 0.32641679633205195, 'bidirectional': False, 'attention': True, 'learning_rate': 0.0009013426488045526, 'batch_size': 32, 'weight_decay': 1e-05, 'fitness': 0.596581429912357, 'accuracy': 0.7627705627705628}","[0.8181818181818182, 0.5238095238095238, 0.9047619047619048, 0.9047619047619048, 0.9047619047619048]",0.8112554112554113,14115842.0,5.726077508926392
9,1,4,LSTM,"{'model_type': 'LSTM', 'hidden_units': 64, 'num_layers': 1, 'dropout_rate': 0.5, 'bidirectional': False, 'attention': True, 'learning_rate': 1.830660283281187e-05, 'batch_size': 32, 'weight_decay': 5e-05, 'fitness': 0.4439954791213972, 'accuracy': 0.6506493506493507}","[0.9090909090909091, 0.7142857142857143, 0.9523809523809523, 0.6666666666666666, 0.8095238095238095]",0.8103896103896103,661378.0,3.528434228897095
10,3,3,LSTM,"{'model_type': 'LSTM', 'hidden_units': 512, 'num_layers': 1, 'dropout_rate': 0.145481589519931, 'bidirectional': False, 'attention': True, 'learning_rate': 5.9810935314472806e-06, 'batch_size': 32, 'weight_decay': 1e-05, 'fitness': 0.5304247755334868, 'accuracy': 0.7082251082251082}","[0.7727272727272727, 0.7142857142857143, 0.9047619047619048, 0.9047619047619048, 0.7142857142857143]",0.8021645021645021,7816194.0,3.563344240188598
11,2,3,LSTM,"{'model_type': 'LSTM', 'hidden_units': 64, 'num_layers': 1, 'dropout_rate': 0.4104027577413522, 'bidirectional': True, 'attention': True, 'learning_rate': 8.790225168308843e-06, 'batch_size': 32, 'weight_decay': 1e-05, 'fitness': 0.5587235329419237, 'accuracy': 0.7277056277056276}","[0.9090909090909091, 0.7142857142857143, 0.9047619047619048, 0.8095238095238095, 0.6666666666666666]",0.800865800865801,661634.0,4.149012470245362
12,3,5,LSTM,"{'model_type': 'LSTM', 'hidden_units': 512, 'num_layers': 1, 'dropout_rate': 0.1, 'bidirectional': True, 'attention': True, 'learning_rate': 5.412909300219862e-07, 'batch_size': 32, 'weight_decay': 1e-05, 'fitness': 0.6234998336747063, 'accuracy': 0.7718614718614718}","[0.9090909090909091, 0.7142857142857143, 0.9523809523809523, 0.9047619047619048, 0.5238095238095238]",0.8008658008658008,7816194.0,3.306823301315307
13,3,5,LSTM,"{'model_type': 'LSTM', 'hidden_units': 108, 'num_layers': 1, 'dropout_rate': 0.13285024540135038, 'bidirectional': False, 'attention': True, 'learning_rate': 0.000317321124411346, 'batch_size': 32, 'weight_decay': 5e-05, 'fitness': 0.6301417971837928, 'accuracy': 0.7818181818181819}","[0.9090909090909091, 0.7619047619047619, 0.9047619047619048, 0.9047619047619048, 0.5238095238095238]",0.8008658008658008,1168778.0,3.304699516296387
14,1,2,LSTM,"{'model_type': 'LSTM', 'hidden_units': 97, 'num_layers': 1, 'dropout_rate': 0.365027876406399, 'bidirectional': True, 'attention': True, 'learning_rate': 1.3323361244149368e-05, 'batch_size': 32, 'weight_decay': 5e-05, 'fitness': 0.4279303829730761, 'accuracy': 0.6320346320346321}","[0.8181818181818182, 0.6666666666666666, 0.9523809523809523, 0.9047619047619048, 0.6190476190476191]",0.7922077922077921,1037513.0,2.639335107803345
15,9,4,LSTM,"{'model_type': 'LSTM', 'hidden_units': 64, 'num_layers': 1, 'dropout_rate': 0.42301782996837856, 'bidirectional': True, 'attention': True, 'learning_rate': 7.186102755484499e-06, 'batch_size': 32, 'weight_decay': 1e-05, 'fitness': 0.6890986365130227, 'accuracy': 0.8199134199134199}","[0.9090909090909091, 0.7619047619047619, 0.9523809523809523, 0.7142857142857143, 0.6190476190476191]",0.7913419913419915,665794.0,3.7438714027404782
16,3,4,LSTM,"{'model_type': 'LSTM', 'hidden_units': 512, 'num_layers': 3, 'dropout_rate': 0.44002350438754395, 'bidirectional': True, 'attention': True, 'learning_rate': 0.0062878672758027426, 'batch_size': 32, 'weight_decay': 1e-05, 'fitness': 0.6509399797664324, 'accuracy': 0.8021645021645021}","[0.9090909090909091, 0.6666666666666666, 1.0, 0.9047619047619048, 0.47619047619047616]",0.7913419913419913,20415490.0,7.436995840072632
17,6,4,LSTM,"{'model_type': 'LSTM', 'hidden_units': 339, 'num_layers': 1, 'dropout_rate': 0.48895256761811134, 'bidirectional': False, 'attention': True, 'learning_rate': 3.194463532261099e-05, 'batch_size': 32, 'weight_decay': 5e-05, 'fitness': 0.5302561124768106, 'accuracy': 0.716017316017316}","[0.9545454545454546, 0.6190476190476191, 0.9047619047619048, 0.8095238095238095, 0.6666666666666666]",0.7909090909090909,4645319.0,14.244054412841797
18,3,3,LSTM,"{'model_type': 'LSTM', 'hidden_units': 396, 'num_layers': 1, 'dropout_rate': 0.1, 'bidirectional': False, 'attention': True, 'learning_rate': 0.0012444059526091659, 'batch_size': 32, 'weight_decay': 1e-05, 'fitness': 0.6218658192534242, 'accuracy': 0.7541125541125541}","[0.6818181818181818, 0.7619047619047619, 0.9047619047619048, 0.9047619047619048, 0.6666666666666666]",0.7839826839826839,5540042.0,3.721891117095947
19,4,5,LSTM,"{'model_type': 'LSTM', 'hidden_units': 153, 'num_layers': 2, 'dropout_rate': 0.4040641084180939, 'bidirectional': True, 'attention': True, 'learning_rate': 0.0002943959556399741, 'batch_size': 128, 'weight_decay': 0, 'fitness': 0.6475372688874688, 'accuracy': 0.7813852813852813}","[0.9090909090909091, 0.5714285714285714, 0.9047619047619048, 0.8095238095238095, 0.7142857142857143]",0.7818181818181819,2295613.0,2.350292682647705
20,2,4,LSTM,"{'model_type': 'LSTM', 'hidden_units': 288, 'num_layers': 1, 'dropout_rate': 0.5, 'bidirectional': True, 'attention': True, 'learning_rate': 0.0001, 'batch_size': 32, 'weight_decay': 1e-05, 'fitness': 0.6033841512284402, 'accuracy': 0.7532467532467532}","[0.9090909090909091, 0.6190476190476191, 0.9523809523809523, 0.7142857142857143, 0.7142857142857143]",0.7818181818181819,3686978.0,3.62799129486084
21,4,1,LSTM,"{'model_type': 'LSTM', 'hidden_units': 64, 'num_layers': 2, 'dropout_rate': 0.11808408298030992, 'bidirectional': False, 'attention': True, 'learning_rate': 5.74349177498517e-05, 'batch_size': 64, 'weight_decay': 1e-05}","[0.9090909090909091, 0.7142857142857143, 0.6666666666666666, 0.9047619047619048, 0.7142857142857143]",0.7818181818181819,760962.0,4.239235162734985
22,3,4,LSTM,"{'model_type': 'LSTM', 'hidden_units': 64, 'num_layers': 1, 'dropout_rate': 0.1, 'bidirectional': True, 'attention': True, 'learning_rate': 1.486734580182315e-05, 'batch_size': 32, 'weight_decay': 1e-05, 'fitness': 0.6254009558419303, 'accuracy': 0.7839826839826839}","[0.9090909090909091, 0.7619047619047619, 0.9523809523809523, 0.5714285714285714, 0.7142857142857143]",0.7818181818181819,661634.0,3.3654292583465577
23,6,1,LSTM,"{'model_type': 'LSTM', 'hidden_units': 128, 'num_layers': 1, 'dropout_rate': 0.16695791389699147, 'bidirectional': True, 'attention': True, 'learning_rate': 3.918271344157694e-06, 'batch_size': 64, 'weight_decay': 5e-05}","[0.9090909090909091, 0.47619047619047616, 0.9523809523809523, 0.9047619047619048, 0.6666666666666666]",0.7818181818181817,1429890.0,1.8642340660095216
24,1,4,LSTM,"{'model_type': 'LSTM', 'hidden_units': 241, 'num_layers': 1, 'dropout_rate': 0.18148513637499322, 'bidirectional': True, 'attention': True, 'learning_rate': 2.3664658365361627e-05, 'batch_size': 32, 'weight_decay': 0, 'fitness': 0.5257397015854244, 'accuracy': 0.7168831168831169}","[0.9545454545454546, 0.5714285714285714, 0.9523809523809523, 0.7142857142857143, 0.7142857142857143]",0.7813852813852814,2959481.0,3.013911819458008
25,4,2,LSTM,"{'model_type': 'LSTM', 'hidden_units': 215, 'num_layers': 1, 'dropout_rate': 0.11808408298030992, 'bidirectional': False, 'attention': True, 'learning_rate': 0.0002559556963463129, 'batch_size': 32, 'weight_decay': 1e-05, 'fitness': 0.621978521799236, 'accuracy': 0.7818181818181819}","[0.9545454545454546, 0.5714285714285714, 0.9523809523809523, 0.9047619047619048, 0.5238095238095238]",0.7813852813852813,2579571.0,3.378531265258789
26,8,1,LSTM,"{'model_type': 'LSTM', 'hidden_units': 281, 'num_layers': 2, 'dropout_rate': 0.2806820694471348, 'bidirectional': False, 'attention': True, 'learning_rate': 9.976311574844394e-07, 'batch_size': 64, 'weight_decay': 0}","[0.9545454545454546, 0.6190476190476191, 0.9047619047619048, 0.9047619047619048, 0.5238095238095238]",0.7813852813852813,5554529.0,4.184528064727783
27,7,1,LSTM,"{'model_type': 'LSTM', 'hidden_units': 131, 'num_layers': 4, 'dropout_rate': 0.2298982596628516, 'bidirectional': True, 'attention': True, 'learning_rate': 1.4125375446227554e-06, 'batch_size': 32, 'weight_decay': 5e-05}","[0.7272727272727273, 0.6190476190476191, 0.9047619047619048, 0.7142857142857143, 0.9047619047619048]",0.7740259740259741,2709999.0,9.22851815223694
28,1,5,LSTM,"{'model_type': 'LSTM', 'hidden_units': 64, 'num_layers': 1, 'dropout_rate': 0.34216473128065217, 'bidirectional': True, 'attention': True, 'learning_rate': 5.988210718879319e-06, 'batch_size': 32, 'weight_decay': 0, 'fitness': 0.668690544724041, 'accuracy': 0.8103896103896103}","[0.7272727272727273, 0.5714285714285714, 0.9047619047619048, 0.9047619047619048, 0.7619047619047619]",0.774025974025974,661378.0,2.4329375267028808
29,6,3,LSTM,"{'model_type': 'LSTM', 'hidden_units': 384, 'num_layers': 1, 'dropout_rate': 0.33161173692639306, 'bidirectional': False, 'attention': True, 'learning_rate': 6.369866519865943e-05, 'batch_size': 32, 'weight_decay': 0, 'fitness': 0.394220420570622, 'accuracy': 0.6216450216450217}","[0.8181818181818182, 0.6666666666666666, 0.9047619047619048, 0.9047619047619048, 0.5714285714285714]",0.7731601731601732,5469314.0,10.527102661132812
30,6,4,LSTM,"{'model_type': 'LSTM', 'hidden_units': 64, 'num_layers': 1, 'dropout_rate': 0.39666537476008257, 'bidirectional': True, 'attention': True, 'learning_rate': 0.0035270383256087844, 'batch_size': 32, 'weight_decay': 5e-05, 'fitness': 0.42605959015592587, 'accuracy': 0.6294372294372295}","[0.9090909090909091, 0.7142857142857143, 0.9047619047619048, 0.7142857142857143, 0.6190476190476191]",0.7722943722943724,665794.0,12.196089792251588
31,3,3,LSTM,"{'model_type': 'LSTM', 'hidden_units': 432, 'num_layers': 1, 'dropout_rate': 0.14106280675168797, 'bidirectional': False, 'attention': True, 'learning_rate': 8.035962845591377e-06, 'batch_size': 128, 'weight_decay': 5e-05, 'fitness': 0.33515185603823106, 'accuracy': 0.5744588744588744}","[0.9090909090909091, 0.6190476190476191, 0.9523809523809523, 0.7142857142857143, 0.6666666666666666]",0.7722943722943723,6214754.0,1.6262139320373534
32,9,2,LSTM,"{'model_type': 'LSTM', 'hidden_units': 485, 'num_layers': 1, 'dropout_rate': 0.4274962501476322, 'bidirectional': True, 'attention': True, 'learning_rate': 3.84344799432149e-06, 'batch_size': 32, 'weight_decay': 0, 'fitness': 0.43730330834805853, 'accuracy': 0.6311688311688312}","[0.9090909090909091, 0.6666666666666666, 0.9047619047619048, 0.9047619047619048, 0.47619047619047616]",0.7722943722943723,7495677.0,4.244153642654419
33,2,5,LSTM,"{'model_type': 'LSTM', 'hidden_units': 243, 'num_layers': 1, 'dropout_rate': 0.5, 'bidirectional': True, 'attention': True, 'learning_rate': 5.248074602497723e-06, 'batch_size': 32, 'weight_decay': 1e-05, 'fitness': 0.6056519787273493, 'accuracy': 0.7627705627705628}","[0.9090909090909091, 0.6666666666666666, 0.9047619047619048, 0.6190476190476191, 0.7619047619047619]",0.7722943722943723,2990359.0,3.484991216659546
34,1,4,LSTM,"{'model_type': 'LSTM', 'hidden_units': 175, 'num_layers': 1, 'dropout_rate': 0.2589962984989597, 'bidirectional': False, 'attention': True, 'learning_rate': 4.802834810708292e-06, 'batch_size': 32, 'weight_decay': 5e-05, 'fitness': 0.6445417857423514, 'accuracy': 0.7922077922077921}","[0.9090909090909091, 0.6666666666666666, 0.9047619047619048, 0.9047619047619048, 0.47619047619047616]",0.7722943722943723,2021951.0,2.29549241065979
35,1,3,LSTM,"{'model_type': 'LSTM', 'hidden_units': 271, 'num_layers': 1, 'dropout_rate': 0.1371222368537677, 'bidirectional': False, 'attention': True, 'learning_rate': 0.0001876403374634771, 'batch_size': 32, 'weight_decay': 0, 'fitness': 0.5575794349988872, 'accuracy': 0.7246753246753246}","[0.9090909090909091, 0.6666666666666666, 0.9523809523809523, 0.9047619047619048, 0.42857142857142855]",0.7722943722943721,3417311.0,2.8684927463531493
36,3,4,LSTM,"{'model_type': 'LSTM', 'hidden_units': 512, 'num_layers': 2, 'dropout_rate': 0.1, 'bidirectional': False, 'attention': True, 'learning_rate': 0.00021241256217051027, 'batch_size': 32, 'weight_decay': 5e-05, 'fitness': 0.5924996313960114, 'accuracy': 0.7341991341991341}","[0.9545454545454546, 0.5714285714285714, 0.8571428571428571, 0.9047619047619048, 0.5714285714285714]",0.7718614718614718,14115842.0,5.81767635345459
37,3,4,LSTM,"{'model_type': 'LSTM', 'hidden_units': 172, 'num_layers': 2, 'dropout_rate': 0.1, 'bidirectional': False, 'attention': True, 'learning_rate': 0.0023848916247238222, 'batch_size': 32, 'weight_decay': 1e-05, 'fitness': 0.4668137115247154, 'accuracy': 0.6497835497835498}","[0.6363636363636364, 0.6190476190476191, 0.9523809523809523, 0.9047619047619048, 0.7142857142857143]",0.7653679653679654,2695242.0,4.74388427734375
38,2,4,LSTM,"{'model_type': 'LSTM', 'hidden_units': 291, 'num_layers': 3, 'dropout_rate': 0.4262298914895598, 'bidirectional': True, 'attention': True, 'learning_rate': 0.003981071705534973, 'batch_size': 128, 'weight_decay': 1e-05, 'fitness': 0.5134948075490489, 'accuracy': 0.7073593073593074}","[0.6818181818181818, 0.6190476190476191, 0.9047619047619048, 0.8095238095238095, 0.8095238095238095]",0.7649350649350648,7808695.0,2.879907560348511
39,9,4,LSTM,"{'model_type': 'LSTM', 'hidden_units': 64, 'num_layers': 1, 'dropout_rate': 0.31343973974482664, 'bidirectional': False, 'attention': True, 'learning_rate': 7.741330418124608e-05, 'batch_size': 32, 'weight_decay': 0, 'fitness': 0.6072227813633589, 'accuracy': 0.7632034632034632}","[0.7272727272727273, 0.7142857142857143, 0.9523809523809523, 0.9047619047619048, 0.5238095238095238]",0.7645021645021643,665794.0,1.6731357097625732
40,1,4,LSTM,"{'model_type': 'LSTM', 'hidden_units': 259, 'num_layers': 1, 'dropout_rate': 0.228167908169175, 'bidirectional': False, 'attention': True, 'learning_rate': 4.8197062990162016e-05, 'batch_size': 32, 'weight_decay': 0, 'fitness': 0.5356981430160264, 'accuracy': 0.716017316017316}","[0.7727272727272727, 0.6666666666666666, 0.9523809523809523, 0.9047619047619048, 0.5238095238095238]",0.7640692640692641,3231803.0,3.277048635482788
41,6,1,LSTM,"{'model_type': 'LSTM', 'hidden_units': 201, 'num_layers': 1, 'dropout_rate': 0.264111621274007, 'bidirectional': True, 'attention': True, 'learning_rate': 1.9952623149688786e-05, 'batch_size': 128, 'weight_decay': 1e-05}","[0.8636363636363636, 0.7142857142857143, 0.9523809523809523, 0.7619047619047619, 0.5238095238095238]",0.7632034632034632,2421449.0,1.6783426761627198
42,9,3,LSTM,"{'model_type': 'LSTM', 'hidden_units': 441, 'num_layers': 1, 'dropout_rate': 0.5, 'bidirectional': True, 'attention': True, 'learning_rate': 0.00019262870678642783, 'batch_size': 32, 'weight_decay': 0, 'fitness': 0.5637229821607723, 'accuracy': 0.7268398268398267}","[0.8636363636363636, 0.7142857142857143, 0.9047619047619048, 0.8571428571428571, 0.47619047619047616]",0.7632034632034632,6582809.0,4.176387071609497
43,2,2,LSTM,"{'model_type': 'LSTM', 'hidden_units': 400, 'num_layers': 1, 'dropout_rate': 0.2645790322399053, 'bidirectional': True, 'attention': True, 'learning_rate': 0.0009432838457646077, 'batch_size': 32, 'weight_decay': 1e-05, 'fitness': 0.4210712501066931, 'accuracy': 0.61991341991342}","[0.9090909090909091, 0.6190476190476191, 0.9047619047619048, 0.9047619047619048, 0.47619047619047616]",0.7627705627705628,5613602.0,4.829085397720337
44,3,2,LSTM,"{'model_type': 'LSTM', 'hidden_units': 204, 'num_layers': 2, 'dropout_rate': 0.5, 'bidirectional': False, 'attention': True, 'learning_rate': 1.4856462037322696e-05, 'batch_size': 32, 'weight_decay': 5e-05, 'fitness': 0.31984100970468166, 'accuracy': 0.5476190476190477}","[0.9090909090909091, 0.6666666666666666, 0.6190476190476191, 0.9047619047619048, 0.7142857142857143]",0.7627705627705628,3425162.0,4.659557819366455
45,2,2,LSTM,"{'model_type': 'LSTM', 'hidden_units': 84, 'num_layers': 1, 'dropout_rate': 0.5, 'bidirectional': True, 'attention': True, 'learning_rate': 5.248074602497723e-06, 'batch_size': 64, 'weight_decay': 1e-05, 'fitness': 0.47583011455709034, 'accuracy': 0.6614718614718614}","[0.9090909090909091, 0.7142857142857143, 0.9523809523809523, 0.7142857142857143, 0.5238095238095238]",0.7627705627705628,886874.0,3.449885845184326
46,1,5,LSTM,"{'model_type': 'LSTM', 'hidden_units': 267, 'num_layers': 1, 'dropout_rate': 0.11683081355001318, 'bidirectional': True, 'attention': True, 'learning_rate': 1.3323361244149368e-05, 'batch_size': 32, 'weight_decay': 0, 'fitness': 0.6445417857423514, 'accuracy': 0.7922077922077921}","[0.9090909090909091, 0.6666666666666666, 0.9047619047619048, 0.7142857142857143, 0.6190476190476191]",0.7627705627705628,3355123.0,3.2448942184448244
47,1,4,LSTM,"{'model_type': 'LSTM', 'hidden_units': 179, 'num_layers': 1, 'dropout_rate': 0.5, 'bidirectional': True, 'attention': True, 'learning_rate': 2.3197319272183983e-05, 'batch_size': 32, 'weight_decay': 5e-05, 'fitness': 0.5181235119450215, 'accuracy': 0.6961038961038961}","[0.9090909090909091, 0.7619047619047619, 0.9047619047619048, 0.5238095238095238, 0.7142857142857143]",0.7627705627705628,2076043.0,3.3198532104492187
48,1,5,LSTM,"{'model_type': 'LSTM', 'hidden_units': 145, 'num_layers': 1, 'dropout_rate': 0.19239312453740157, 'bidirectional': False, 'attention': True, 'learning_rate': 0.0001459116220621738, 'batch_size': 32, 'weight_decay': 5e-05, 'fitness': 0.608310047850147, 'accuracy': 0.7640692640692641}","[0.9090909090909091, 0.6666666666666666, 0.9523809523809523, 0.6190476190476191, 0.6666666666666666]",0.7627705627705627,1627481.0,2.5050608634948732
49,9,1,LSTM,"{'model_type': 'LSTM', 'hidden_units': 64, 'num_layers': 1, 'dropout_rate': 0.30006362488776134, 'bidirectional': True, 'attention': True, 'learning_rate': 4.3051162024993437e-05, 'batch_size': 32, 'weight_decay': 1e-05}","[0.9090909090909091, 0.42857142857142855, 0.9047619047619048, 0.9047619047619048, 0.6666666666666666]",0.7627705627705627,665794.0,3.2450585842132567
50,6,2,LSTM,"{'model_type': 'LSTM', 'hidden_units': 341, 'num_layers': 1, 'dropout_rate': 0.20324183943402693, 'bidirectional': False, 'attention': True, 'learning_rate': 3.918271344157694e-06, 'batch_size': 64, 'weight_decay': 5e-05, 'fitness': 0.6446541922637208, 'accuracy': 0.7818181818181817}","[0.9545454545454546, 0.6666666666666666, 0.6190476190476191, 0.9047619047619048, 0.6666666666666666]",0.7623376623376623,4680909.0,2.502712440490723
51,6,4,LSTM,"{'model_type': 'LSTM', 'hidden_units': 243, 'num_layers': 1, 'dropout_rate': 0.3133097084648233, 'bidirectional': True, 'attention': True, 'learning_rate': 2.3044056210195347e-05, 'batch_size': 64, 'weight_decay': 0, 'fitness': 0.5828633308156135, 'accuracy': 0.7541125541125541}","[0.9545454545454546, 0.5238095238095238, 0.9523809523809523, 0.6190476190476191, 0.7619047619047619]",0.7623376623376623,3049895.0,5.514083528518677
52,3,5,LSTM,"{'model_type': 'LSTM', 'hidden_units': 512, 'num_layers': 3, 'dropout_rate': 0.35561509312485695, 'bidirectional': False, 'attention': True, 'learning_rate': 0.001959073915348745, 'batch_size': 32, 'weight_decay': 1e-05, 'fitness': 0.68819096844784, 'accuracy': 0.8199134199134198}","[0.5909090909090909, 0.6666666666666666, 0.9047619047619048, 0.9047619047619048, 0.7142857142857143]",0.7562770562770563,20415490.0,4.576355504989624
53,1,5,LSTM,"{'model_type': 'LSTM', 'hidden_units': 241, 'num_layers': 1, 'dropout_rate': 0.4187896340170664, 'bidirectional': False, 'attention': True, 'learning_rate': 0.0004150385086403322, 'batch_size': 32, 'weight_decay': 5e-05, 'fitness': 0.633024754781042, 'accuracy': 0.7813852813852814}","[0.8181818181818182, 0.6190476190476191, 0.9523809523809523, 0.9047619047619048, 0.47619047619047616]",0.7541125541125541,2959481.0,2.828395462036133
54,6,1,LSTM,"{'model_type': 'LSTM', 'hidden_units': 390, 'num_layers': 1, 'dropout_rate': 0.29208259123067726, 'bidirectional': False, 'attention': True, 'learning_rate': 1.80250092522166e-05, 'batch_size': 128, 'weight_decay': 0}","[0.8181818181818182, 0.6666666666666666, 0.9523809523809523, 0.6190476190476191, 0.7142857142857143]",0.7541125541125541,5582852.0,1.5394947052001953
55,3,1,LSTM,"{'model_type': 'LSTM', 'hidden_units': 268, 'num_layers': 1, 'dropout_rate': 0.18415375651227253, 'bidirectional': False, 'attention': True, 'learning_rate': 2.384948468508757e-06, 'batch_size': 32, 'weight_decay': 1e-05}","[0.8181818181818182, 0.3333333333333333, 1.0, 0.9047619047619048, 0.7142857142857143]",0.7541125541125541,3371978.0,2.8792064666748045
56,1,3,LSTM,"{'model_type': 'LSTM', 'hidden_units': 175, 'num_layers': 1, 'dropout_rate': 0.30667441166367176, 'bidirectional': True, 'attention': True, 'learning_rate': 3.1381799782066065e-05, 'batch_size': 64, 'weight_decay': 0, 'fitness': 0.28662525467699884, 'accuracy': 0.5268398268398268}","[0.9090909090909091, 0.5714285714285714, 0.9523809523809523, 0.7142857142857143, 0.6190476190476191]",0.7532467532467533,2021951.0,2.506449794769287
57,2,3,LSTM,"{'model_type': 'LSTM', 'hidden_units': 64, 'num_layers': 1, 'dropout_rate': 0.4870848080411321, 'bidirectional': True, 'attention': True, 'learning_rate': 5.248074602497723e-06, 'batch_size': 32, 'weight_decay': 1e-05, 'fitness': 0.6056519787273493, 'accuracy': 0.7627705627705628}","[0.9090909090909091, 0.5238095238095238, 0.9523809523809523, 0.6666666666666666, 0.7142857142857143]",0.7532467532467533,661634.0,3.2992410182952883
58,5,1,LSTM,"{'model_type': 'LSTM', 'hidden_units': 128, 'num_layers': 1, 'dropout_rate': 0.21497062746009235, 'bidirectional': False, 'attention': True, 'learning_rate': 2.8717458874925846e-05, 'batch_size': 64, 'weight_decay': 0}","[0.9090909090909091, 0.47619047619047616, 0.9047619047619048, 0.5714285714285714, 0.9047619047619048]",0.7532467532467533,1429890.0,2.391943597793579
59,1,5,LSTM,"{'model_type': 'LSTM', 'hidden_units': 106, 'num_layers': 1, 'dropout_rate': 0.29219133935407315, 'bidirectional': False, 'attention': True, 'learning_rate': 3.9523764984299994e-05, 'batch_size': 32, 'weight_decay': 5e-05, 'fitness': 0.5343874023659018, 'accuracy': 0.7164502164502164}","[0.9090909090909091, 0.7142857142857143, 0.9047619047619048, 0.6666666666666666, 0.5714285714285714]",0.7532467532467532,1144378.0,2.4663893222808837
60,9,3,LSTM,"{'model_type': 'LSTM', 'hidden_units': 198, 'num_layers': 1, 'dropout_rate': 0.36956357129714706, 'bidirectional': True, 'attention': True, 'learning_rate': 0.0008335097215351636, 'batch_size': 32, 'weight_decay': 5e-05, 'fitness': 0.6269665104584355, 'accuracy': 0.7722943722943723}","[0.9090909090909091, 0.6190476190476191, 0.9047619047619048, 0.6666666666666666, 0.6666666666666666]",0.7532467532467532,2378180.0,2.335249900817871
61,6,3,LSTM,"{'model_type': 'LSTM', 'hidden_units': 512, 'num_layers': 1, 'dropout_rate': 0.2563954816523806, 'bidirectional': False, 'attention': True, 'learning_rate': 0.00013912876748776735, 'batch_size': 128, 'weight_decay': 5e-05, 'fitness': 0.3897160496391547, 'accuracy': 0.6116883116883117}","[0.9090909090909091, 0.42857142857142855, 0.9047619047619048, 0.7619047619047619, 0.7619047619047619]",0.7532467532467532,8078850.0,4.9189917087554935
62,2,1,LSTM,"{'model_type': 'LSTM', 'hidden_units': 204, 'num_layers': 2, 'dropout_rate': 0.5, 'bidirectional': True, 'attention': True, 'learning_rate': 0.0001, 'batch_size': 64, 'weight_decay': 1e-05}","[0.9090909090909091, 0.47619047619047616, 0.9047619047619048, 0.9047619047619048, 0.5714285714285714]",0.7532467532467532,3425162.0,3.2936703681945803
63,8,3,LSTM,"{'model_type': 'LSTM', 'hidden_units': 189, 'num_layers': 3, 'dropout_rate': 0.23699231613475336, 'bidirectional': False, 'attention': True, 'learning_rate': 8.317167628422585e-06, 'batch_size': 32, 'weight_decay': 0, 'fitness': 0.34739688788488604, 'accuracy': 0.5839826839826839}","[0.5454545454545454, 0.7142857142857143, 0.9047619047619048, 0.7619047619047619, 0.8095238095238095]",0.7471861471861472,3970325.0,7.616602325439453
64,8,1,LSTM,"{'model_type': 'LSTM', 'hidden_units': 444, 'num_layers': 1, 'dropout_rate': 0.5, 'bidirectional': False, 'attention': True, 'learning_rate': 2.773923680169613e-05, 'batch_size': 64, 'weight_decay': 5e-05}","[0.7272727272727273, 0.6666666666666666, 0.9523809523809523, 0.9047619047619048, 0.47619047619047616]",0.7454545454545454,6643574.0,2.748716688156128
65,1,5,LSTM,"{'model_type': 'LSTM', 'hidden_units': 64, 'num_layers': 1, 'dropout_rate': 0.1274248317510547, 'bidirectional': True, 'attention': True, 'learning_rate': 4.5100770930862956e-05, 'batch_size': 32, 'weight_decay': 0, 'fitness': 0.5258333589601787, 'accuracy': 0.7056277056277056}","[0.8181818181818182, 0.47619047619047616, 0.9047619047619048, 0.7619047619047619, 0.7619047619047619]",0.7445887445887446,661378.0,3.3255115032196043
66,6,4,LSTM,"{'model_type': 'LSTM', 'hidden_units': 64, 'num_layers': 1, 'dropout_rate': 0.4605207261693557, 'bidirectional': True, 'attention': True, 'learning_rate': 6.38674965878316e-07, 'batch_size': 32, 'weight_decay': 5e-05, 'fitness': 0.5525901336532935, 'accuracy': 0.7341991341991342}","[0.8181818181818182, 0.7142857142857143, 0.9523809523809523, 0.5238095238095238, 0.7142857142857143]",0.7445887445887446,665794.0,12.32813320159912
67,1,5,LSTM,"{'model_type': 'LSTM', 'hidden_units': 127, 'num_layers': 1, 'dropout_rate': 0.1, 'bidirectional': True, 'attention': True, 'learning_rate': 3.587902621604284e-05, 'batch_size': 32, 'weight_decay': 5e-05, 'fitness': 0.5258333299763531, 'accuracy': 0.7056277056277056}","[0.9090909090909091, 0.7619047619047619, 1.0, 0.7142857142857143, 0.3333333333333333]",0.7437229437229438,1400303.0,3.3249984264373778
68,4,3,LSTM,"{'model_type': 'LSTM', 'hidden_units': 512, 'num_layers': 2, 'dropout_rate': 0.11446726638424794, 'bidirectional': True, 'attention': True, 'learning_rate': 0.003305148953587875, 'batch_size': 32, 'weight_decay': 5e-05, 'fitness': 0.5533853446934629, 'accuracy': 0.7064935064935065}","[0.9090909090909091, 0.6190476190476191, 0.9047619047619048, 0.5714285714285714, 0.7142857142857143]",0.7437229437229437,14115842.0,3.217149829864502
69,8,2,LSTM,"{'model_type': 'LSTM', 'hidden_units': 387, 'num_layers': 1, 'dropout_rate': 0.3593562984045974, 'bidirectional': False, 'attention': True, 'learning_rate': 0.00180250092522166, 'batch_size': 128, 'weight_decay': 1e-05, 'fitness': 0.5170000603791716, 'accuracy': 0.7086580086580087}","[0.9090909090909091, 0.3333333333333333, 0.9523809523809523, 0.8095238095238095, 0.7142857142857143]",0.7437229437229437,5525975.0,1.421056127548218
70,2,1,LSTM,"{'model_type': 'LSTM', 'hidden_units': 64, 'num_layers': 1, 'dropout_rate': 0.39686946963676284, 'bidirectional': True, 'attention': True, 'learning_rate': 0.0001, 'batch_size': 32, 'weight_decay': 0}","[0.9090909090909091, 0.6666666666666666, 0.9047619047619048, 0.5238095238095238, 0.7142857142857143]",0.7437229437229437,661634.0,4.010814952850342
71,2,2,LSTM,"{'model_type': 'LSTM', 'hidden_units': 64, 'num_layers': 1, 'dropout_rate': 0.46820175180383394, 'bidirectional': True, 'attention': True, 'learning_rate': 6.309573444801929e-05, 'batch_size': 128, 'weight_decay': 5e-05, 'fitness': 0.3392223994764121, 'accuracy': 0.5753246753246753}","[0.9090909090909091, 0.3333333333333333, 0.9047619047619048, 0.8095238095238095, 0.7619047619047619]",0.7437229437229437,661634.0,1.8932181358337403
72,4,4,LSTM,"{'model_type': 'LSTM', 'hidden_units': 64, 'num_layers': 1, 'dropout_rate': 0.1, 'bidirectional': False, 'attention': True, 'learning_rate': 0.0018358415745881233, 'batch_size': 32, 'weight_decay': 1e-05, 'fitness': 0.49297513996962783, 'accuracy': 0.6887445887445887}","[0.5909090909090909, 0.3333333333333333, 0.9523809523809523, 0.9047619047619048, 0.9047619047619048]",0.7372294372294372,661634.0,3.3595065116882323
73,4,2,LSTM,"{'model_type': 'LSTM', 'hidden_units': 64, 'num_layers': 1, 'dropout_rate': 0.21865662304167788, 'bidirectional': False, 'attention': True, 'learning_rate': 3.3677574285938653e-06, 'batch_size': 64, 'weight_decay': 1e-05, 'fitness': 0.36100123256042227, 'accuracy': 0.5839826839826839}","[0.6363636363636364, 0.7142857142857143, 0.9523809523809523, 0.9047619047619048, 0.47619047619047616]",0.7367965367965368,661634.0,2.5186694622039796
74,6,4,LSTM,"{'model_type': 'LSTM', 'hidden_units': 444, 'num_layers': 1, 'dropout_rate': 0.28787197087348226, 'bidirectional': True, 'attention': True, 'learning_rate': 6.369866519865943e-05, 'batch_size': 128, 'weight_decay': 0, 'fitness': 0.6155164018959686, 'accuracy': 0.7731601731601732}","[0.7272727272727273, 0.47619047619047616, 0.9523809523809523, 0.8095238095238095, 0.7142857142857143]",0.7359307359307359,6643574.0,5.848134517669678
75,4,1,LSTM,"{'model_type': 'LSTM', 'hidden_units': 512, 'num_layers': 2, 'dropout_rate': 0.21991986447738263, 'bidirectional': False, 'attention': True, 'learning_rate': 0.001, 'batch_size': 32, 'weight_decay': 0}","[0.7272727272727273, 0.47619047619047616, 0.9047619047619048, 0.9047619047619048, 0.6666666666666666]",0.7359307359307359,14115842.0,3.7801698207855225
76,2,5,LSTM,"{'model_type': 'LSTM', 'hidden_units': 400, 'num_layers': 1, 'dropout_rate': 0.5, 'bidirectional': True, 'attention': True, 'learning_rate': 0.0016554973099531687, 'batch_size': 32, 'weight_decay': 0, 'fitness': 0.5954687563278453, 'accuracy': 0.7649350649350648}","[0.7272727272727273, 0.5714285714285714, 0.9047619047619048, 0.9047619047619048, 0.5714285714285714]",0.7359307359307359,5613602.0,3.346177577972412
77,3,2,LSTM,"{'model_type': 'LSTM', 'hidden_units': 512, 'num_layers': 2, 'dropout_rate': 0.352676994790182, 'bidirectional': False, 'attention': True, 'learning_rate': 0.0005647226419959103, 'batch_size': 32, 'weight_decay': 1e-05, 'fitness': 0.3960643987189415, 'accuracy': 0.6116883116883116}","[0.8181818181818182, 0.6190476190476191, 0.9047619047619048, 0.9047619047619048, 0.42857142857142855]",0.735064935064935,14115842.0,5.8467020988464355
78,4,3,LSTM,"{'model_type': 'LSTM', 'hidden_units': 147, 'num_layers': 1, 'dropout_rate': 0.1, 'bidirectional': False, 'attention': True, 'learning_rate': 0.0003623898318388473, 'batch_size': 32, 'weight_decay': 0, 'fitness': 0.5735086757567329, 'accuracy': 0.7367965367965368}","[0.9090909090909091, 0.6666666666666666, 0.9047619047619048, 0.7142857142857143, 0.47619047619047616]",0.7341991341991342,1653751.0,2.0302237033843995
79,6,3,LSTM,"{'model_type': 'LSTM', 'hidden_units': 466, 'num_layers': 1, 'dropout_rate': 0.14372479118921636, 'bidirectional': True, 'attention': True, 'learning_rate': 6.38674965878316e-07, 'batch_size': 128, 'weight_decay': 5e-05, 'fitness': 0.5265340071718961, 'accuracy': 0.7077922077922079}","[0.9090909090909091, 0.6666666666666666, 0.5714285714285714, 0.8095238095238095, 0.7142857142857143]",0.7341991341991342,7095784.0,1.6094457626342773
80,4,4,LSTM,"{'model_type': 'LSTM', 'hidden_units': 64, 'num_layers': 1, 'dropout_rate': 0.1, 'bidirectional': True, 'attention': True, 'learning_rate': 0.001, 'batch_size': 32, 'weight_decay': 0, 'fitness': 0.5674617162878612, 'accuracy': 0.7359307359307359}","[0.9090909090909091, 0.6666666666666666, 0.9047619047619048, 0.6666666666666666, 0.5238095238095238]",0.7341991341991341,661634.0,3.104529047012329
81,9,4,LSTM,"{'model_type': 'LSTM', 'hidden_units': 512, 'num_layers': 1, 'dropout_rate': 0.39920049162193305, 'bidirectional': True, 'attention': True, 'learning_rate': 4.479519381549659e-06, 'batch_size': 32, 'weight_decay': 5e-05, 'fitness': 0.7249263772634299, 'accuracy': 0.8484848484848484}","[0.9090909090909091, 0.23809523809523808, 0.9523809523809523, 0.9523809523809523, 0.6190476190476191]",0.7341991341991341,8078850.0,2.617445755004882
82,2,1,LSTM,"{'model_type': 'LSTM', 'hidden_units': 204, 'num_layers': 1, 'dropout_rate': 0.48434574175241885, 'bidirectional': True, 'attention': True, 'learning_rate': 3.816778909618178e-05, 'batch_size': 32, 'weight_decay': 5e-05}","[0.9090909090909091, 0.42857142857142855, 0.9523809523809523, 0.7142857142857143, 0.6666666666666666]",0.7341991341991341,2423114.0,3.4186238288879394
83,3,3,LSTM,"{'model_type': 'LSTM', 'hidden_units': 371, 'num_layers': 1, 'dropout_rate': 0.1, 'bidirectional': True, 'attention': True, 'learning_rate': 0.00021241256217051027, 'batch_size': 64, 'weight_decay': 1e-05, 'fitness': 0.574699211492623, 'accuracy': 0.735064935064935}","[0.9090909090909091, 0.47619047619047616, 0.9523809523809523, 0.9047619047619048, 0.42857142857142855]",0.7341991341991341,5087895.0,2.19946346282959
84,9,4,LSTM,"{'model_type': 'LSTM', 'hidden_units': 64, 'num_layers': 1, 'dropout_rate': 0.2626871148481692, 'bidirectional': True, 'attention': True, 'learning_rate': 0.002793044260354038, 'batch_size': 128, 'weight_decay': 0, 'fitness': 0.4091227007627098, 'accuracy': 0.6147186147186148}","[0.9545454545454546, 0.2857142857142857, 0.9523809523809523, 0.8095238095238095, 0.6666666666666666]",0.7337662337662336,665794.0,2.1687854290008546
85,1,4,LSTM,"{'model_type': 'LSTM', 'hidden_units': 156, 'num_layers': 1, 'dropout_rate': 0.43778220375432875, 'bidirectional': False, 'attention': True, 'learning_rate': 0.0001251363388454284, 'batch_size': 64, 'weight_decay': 5e-05, 'fitness': 0.6360372090061538, 'accuracy': 0.7722943722943721}","[0.5454545454545454, 0.5714285714285714, 0.9523809523809523, 0.9047619047619048, 0.6666666666666666]",0.7281385281385281,1769978.0,2.716394472122192
86,2,1,LSTM,"{'model_type': 'LSTM', 'hidden_units': 64, 'num_layers': 1, 'dropout_rate': 0.5, 'bidirectional': True, 'attention': True, 'learning_rate': 1.584893192461114e-05, 'batch_size': 32, 'weight_decay': 1e-05}","[0.5909090909090909, 0.47619047619047616, 0.9047619047619048, 0.9047619047619048, 0.7619047619047619]",0.7277056277056276,661634.0,3.1642011165618897
87,2,5,LSTM,"{'model_type': 'LSTM', 'hidden_units': 489, 'num_layers': 2, 'dropout_rate': 0.3305825716723771, 'bidirectional': True, 'attention': True, 'learning_rate': 8.790225168308843e-06, 'batch_size': 32, 'weight_decay': 1e-05, 'fitness': 0.6510034750577307, 'accuracy': 0.800865800865801}","[0.6363636363636364, 0.7142857142857143, 0.6666666666666666, 0.9047619047619048, 0.7142857142857143]",0.7272727272727273,13087597.0,4.630362844467163
88,4,4,LSTM,"{'model_type': 'LSTM', 'hidden_units': 64, 'num_layers': 1, 'dropout_rate': 0.1, 'bidirectional': True, 'attention': True, 'learning_rate': 1.9739711577244924e-05, 'batch_size': 32, 'weight_decay': 1e-05, 'fitness': 0.5009463175459619, 'accuracy': 0.6987012987012987}","[0.6818181818181818, 0.7142857142857143, 0.9523809523809523, 0.6190476190476191, 0.6666666666666666]",0.7268398268398268,661634.0,2.937388706207275
89,9,2,LSTM,"{'model_type': 'LSTM', 'hidden_units': 270, 'num_layers': 2, 'dropout_rate': 0.3299588463787456, 'bidirectional': False, 'attention': True, 'learning_rate': 0.0013558938999479624, 'batch_size': 32, 'weight_decay': 0, 'fitness': 0.5043128017683347, 'accuracy': 0.6982683982683981}","[0.6818181818181818, 0.42857142857142855, 0.9523809523809523, 0.9047619047619048, 0.6666666666666666]",0.7268398268398267,5230172.0,4.519954872131348
90,2,3,LSTM,"{'model_type': 'LSTM', 'hidden_units': 288, 'num_layers': 1, 'dropout_rate': 0.45128514167309725, 'bidirectional': True, 'attention': True, 'learning_rate': 0.0035774277903542627, 'batch_size': 32, 'weight_decay': 5e-05, 'fitness': 0.4950506256630879, 'accuracy': 0.6891774891774892}","[0.7272727272727273, 0.7142857142857143, 0.9047619047619048, 0.6666666666666666, 0.6190476190476191]",0.7264069264069264,3686978.0,3.837478637695313
91,6,4,LSTM,"{'model_type': 'LSTM', 'hidden_units': 321, 'num_layers': 1, 'dropout_rate': 0.24903108565592985, 'bidirectional': False, 'attention': True, 'learning_rate': 1.5968372817344942e-05, 'batch_size': 64, 'weight_decay': 0, 'fitness': 0.43053253101147293, 'accuracy': 0.6307359307359308}","[0.8181818181818182, 0.47619047619047616, 0.9047619047619048, 0.9047619047619048, 0.5238095238095238]",0.7255411255411255,4329329.0,6.593235731124878
92,9,3,LSTM,"{'model_type': 'LSTM', 'hidden_units': 64, 'num_layers': 2, 'dropout_rate': 0.222576481327703, 'bidirectional': True, 'attention': True, 'learning_rate': 3.098122952256214e-05, 'batch_size': 128, 'weight_decay': 0, 'fitness': 0.377893890727549, 'accuracy': 0.6025974025974026}","[0.8636363636363636, 0.6190476190476191, 0.9047619047619048, 0.5238095238095238, 0.7142857142857143]",0.7251082251082251,765122.0,2.2166073322296143
93,4,5,LSTM,"{'model_type': 'LSTM', 'hidden_units': 422, 'num_layers': 2, 'dropout_rate': 0.31459251462358395, 'bidirectional': False, 'attention': True, 'learning_rate': 0.004005205116963116, 'batch_size': 64, 'weight_decay': 1e-05, 'fitness': 0.4595555000357757, 'accuracy': 0.6497835497835498}","[0.9090909090909091, 0.5714285714285714, 0.7619047619047619, 0.9047619047619048, 0.47619047619047616]",0.7246753246753246,10305242.0,2.939935827255249
94,2,4,LSTM,"{'model_type': 'LSTM', 'hidden_units': 64, 'num_layers': 1, 'dropout_rate': 0.5, 'bidirectional': True, 'attention': True, 'learning_rate': 0.000411014325258621, 'batch_size': 32, 'weight_decay': 1e-05, 'fitness': 0.574359308101757, 'accuracy': 0.7341991341991341}","[0.9090909090909091, 0.5238095238095238, 0.9047619047619048, 0.6666666666666666, 0.6190476190476191]",0.7246753246753246,661634.0,3.408189582824707
95,1,2,LSTM,"{'model_type': 'LSTM', 'hidden_units': 64, 'num_layers': 1, 'dropout_rate': 0.38902220918789837, 'bidirectional': True, 'attention': True, 'learning_rate': 1.8250249516991155e-06, 'batch_size': 32, 'weight_decay': 5e-05, 'fitness': 0.4023609074530284, 'accuracy': 0.6043290043290043}","[0.9090909090909091, 0.47619047619047616, 0.9523809523809523, 0.6190476190476191, 0.6666666666666666]",0.7246753246753246,661378.0,2.696859836578369
96,1,5,LSTM,"{'model_type': 'LSTM', 'hidden_units': 297, 'num_layers': 1, 'dropout_rate': 0.1, 'bidirectional': False, 'attention': True, 'learning_rate': 0.00014552279933895137, 'batch_size': 32, 'weight_decay': 5e-05, 'fitness': 0.5906858752226561, 'accuracy': 0.7532467532467533}","[0.9545454545454546, 0.7142857142857143, 0.5714285714285714, 0.9047619047619048, 0.47619047619047616]",0.7242424242424244,3830113.0,2.441157817840576
97,9,3,LSTM,"{'model_type': 'LSTM', 'hidden_units': 512, 'num_layers': 4, 'dropout_rate': 0.2052279402561504, 'bidirectional': True, 'attention': True, 'learning_rate': 1.956543806926213e-06, 'batch_size': 32, 'weight_decay': 1e-05, 'fitness': 0.3388887923064977, 'accuracy': 0.5666666666666667}","[0.45454545454545453, 0.6190476190476191, 0.9047619047619048, 0.9047619047619048, 0.7142857142857143]",0.7194805194805195,26977794.0,5.1500073909759525
98,8,3,LSTM,"{'model_type': 'LSTM', 'hidden_units': 512, 'num_layers': 2, 'dropout_rate': 0.33238355694516214, 'bidirectional': False, 'attention': True, 'learning_rate': 0.00011717674262274335, 'batch_size': 128, 'weight_decay': 5e-05, 'fitness': 0.3637208076852413, 'accuracy': 0.5839826839826838}","[0.7272727272727273, 0.6190476190476191, 0.9047619047619048, 0.7142857142857143, 0.6190476190476191]",0.7168831168831169,14378498.0,2.2765384674072267
99,1,1,LSTM,"{'model_type': 'LSTM', 'hidden_units': 64, 'num_layers': 1, 'dropout_rate': 0.40417440466088744, 'bidirectional': False, 'attention': True, 'learning_rate': 2.384948468508757e-05, 'batch_size': 32, 'weight_decay': 5e-05}","[0.7272727272727273, 0.5714285714285714, 0.9047619047619048, 0.6666666666666666, 0.7142857142857143]",0.7168831168831169,661378.0,2.861876916885376
100,4,5,LSTM,"{'model_type': 'LSTM', 'hidden_units': 512, 'num_layers': 4, 'dropout_rate': 0.11446726638424794, 'bidirectional': False, 'attention': True, 'learning_rate': 0.0006631183357555965, 'batch_size': 32, 'weight_decay': 1e-05, 'fitness': 0.572997594644849, 'accuracy': 0.7437229437229437}","[0.7272727272727273, 0.38095238095238093, 0.9047619047619048, 0.9047619047619048, 0.6666666666666666]",0.7168831168831169,26715138.0,8.559174537658691
101,2,2,LSTM,"{'model_type': 'LSTM', 'hidden_units': 220, 'num_layers': 1, 'dropout_rate': 0.11005481754055424, 'bidirectional': True, 'attention': True, 'learning_rate': 0.0019707992892531146, 'batch_size': 128, 'weight_decay': 1e-05, 'fitness': 0.574359308101757, 'accuracy': 0.7341991341991341}","[0.7727272727272727, 0.42857142857142855, 0.9047619047619048, 0.7619047619047619, 0.7142857142857143]",0.7164502164502164,2651882.0,1.9408609390258789
102,1,4,LSTM,"{'model_type': 'LSTM', 'hidden_units': 64, 'num_layers': 1, 'dropout_rate': 0.5, 'bidirectional': False, 'attention': True, 'learning_rate': 0.00012457309396155178, 'batch_size': 32, 'weight_decay': 5e-05, 'fitness': 0.43745378282972175, 'accuracy': 0.6415584415584416}","[0.7727272727272727, 0.7142857142857143, 0.9523809523809523, 0.6190476190476191, 0.5238095238095238]",0.7164502164502164,661378.0,3.296497106552124
103,8,3,LSTM,"{'model_type': 'LSTM', 'hidden_units': 64, 'num_layers': 1, 'dropout_rate': 0.4235093114806949, 'bidirectional': False, 'attention': True, 'learning_rate': 5.3778187907543325e-05, 'batch_size': 64, 'weight_decay': 0, 'fitness': 0.4405714128151258, 'accuracy': 0.6294372294372294}","[0.7727272727272727, 0.5714285714285714, 0.9047619047619048, 0.9047619047619048, 0.42857142857142855]",0.7164502164502163,665794.0,2.7377980232238768
104,6,2,LSTM,"{'model_type': 'LSTM', 'hidden_units': 64, 'num_layers': 1, 'dropout_rate': 0.32102584808644974, 'bidirectional': False, 'attention': True, 'learning_rate': 0.0005547847360339226, 'batch_size': 32, 'weight_decay': 1e-05, 'fitness': 0.4181451972233667, 'accuracy': 0.6411255411255412}","[0.8181818181818182, 0.5714285714285714, 0.9047619047619048, 0.7142857142857143, 0.5714285714285714]",0.716017316017316,665794.0,3.3037107467651365
105,1,1,LSTM,"{'model_type': 'LSTM', 'hidden_units': 179, 'num_layers': 1, 'dropout_rate': 0.228167908169175, 'bidirectional': True, 'attention': True, 'learning_rate': 1.1924742342543784e-05, 'batch_size': 32, 'weight_decay': 0}","[0.8181818181818182, 0.6666666666666666, 0.9523809523809523, 0.6190476190476191, 0.5238095238095238]",0.716017316017316,2076043.0,3.5143506050109865
106,2,2,LSTM,"{'model_type': 'LSTM', 'hidden_units': 156, 'num_layers': 1, 'dropout_rate': 0.5, 'bidirectional': False, 'attention': True, 'learning_rate': 0.002754228703338169, 'batch_size': 32, 'weight_decay': 1e-05, 'fitness': 0.6033841512284402, 'accuracy': 0.7532467532467532}","[0.9090909090909091, 0.5238095238095238, 0.9523809523809523, 0.6190476190476191, 0.5714285714285714]",0.7151515151515152,1770602.0,2.860036563873291
107,3,1,LSTM,"{'model_type': 'LSTM', 'hidden_units': 512, 'num_layers': 2, 'dropout_rate': 0.1, 'bidirectional': False, 'attention': True, 'learning_rate': 0.0001, 'batch_size': 32, 'weight_decay': 5e-05}","[0.9090909090909091, 0.6190476190476191, 0.9047619047619048, 0.5714285714285714, 0.5714285714285714]",0.7151515151515151,14115842.0,6.169185495376587
108,7,1,LSTM,"{'model_type': 'LSTM', 'hidden_units': 256, 'num_layers': 2, 'dropout_rate': 0.23668200664180442, 'bidirectional': True, 'attention': True, 'learning_rate': 0.0025442106516410518, 'batch_size': 128, 'weight_decay': 1e-05}","[0.9090909090909091, 0.38095238095238093, 0.9047619047619048, 0.7142857142857143, 0.6666666666666666]",0.7151515151515151,4829954.0,2.1391191482543945
109,4,5,LSTM,"{'model_type': 'LSTM', 'hidden_units': 64, 'num_layers': 1, 'dropout_rate': 0.1028934532768496, 'bidirectional': False, 'attention': True, 'learning_rate': 0.0006192060638168895, 'batch_size': 32, 'weight_decay': 1e-05, 'fitness': 0.44408626167867926, 'accuracy': 0.6398268398268397}","[0.5909090909090909, 0.6666666666666666, 0.9047619047619048, 0.5714285714285714, 0.8095238095238095]",0.7086580086580087,661634.0,3.5502978324890138
110,8,1,LSTM,"{'model_type': 'LSTM', 'hidden_units': 128, 'num_layers': 2, 'dropout_rate': 0.3593562984045974, 'bidirectional': True, 'attention': True, 'learning_rate': 0.00180250092522166, 'batch_size': 32, 'weight_decay': 0}","[0.5909090909090909, 0.7142857142857143, 0.9047619047619048, 0.5714285714285714, 0.7619047619047619]",0.7086580086580087,1825154.0,4.374292325973511
111,3,3,LSTM,"{'model_type': 'LSTM', 'hidden_units': 265, 'num_layers': 3, 'dropout_rate': 0.24200838506936498, 'bidirectional': True, 'attention': True, 'learning_rate': 0.0018425145299354588, 'batch_size': 32, 'weight_decay': 1e-05, 'fitness': 0.5107542162687833, 'accuracy': 0.6874458874458875}","[0.6363636363636364, 0.7142857142857143, 0.9047619047619048, 0.7619047619047619, 0.5238095238095238]",0.7082251082251082,6704501.0,6.9997330665588375
112,3,1,LSTM,"{'model_type': 'LSTM', 'hidden_units': 64, 'num_layers': 1, 'dropout_rate': 0.145481589519931, 'bidirectional': True, 'attention': True, 'learning_rate': 2.4082246852806917e-05, 'batch_size': 64, 'weight_decay': 1e-05}","[0.6363636363636364, 0.47619047619047616, 0.9047619047619048, 0.9047619047619048, 0.6190476190476191]",0.7082251082251082,661634.0,2.4976025581359864
113,2,5,LSTM,"{'model_type': 'LSTM', 'hidden_units': 387, 'num_layers': 3, 'dropout_rate': 0.41370648489149486, 'bidirectional': True, 'attention': True, 'learning_rate': 0.01946962572924892, 'batch_size': 64, 'weight_decay': 5e-05, 'fitness': 0.6147218006092633, 'accuracy': 0.7627705627705628}","[0.6363636363636364, 0.5714285714285714, 0.9047619047619048, 0.9047619047619048, 0.5238095238095238]",0.7082251082251082,12576727.0,4.689964532852173
114,4,3,LSTM,"{'model_type': 'LSTM', 'hidden_units': 64, 'num_layers': 1, 'dropout_rate': 0.1, 'bidirectional': False, 'attention': True, 'learning_rate': 4.614926613864667e-05, 'batch_size': 64, 'weight_decay': 1e-05, 'fitness': 0.6475372688874688, 'accuracy': 0.7813852813852813}","[0.6818181818181818, 0.42857142857142855, 0.9047619047619048, 0.8095238095238095, 0.7142857142857143]",0.7077922077922079,661634.0,1.3264605045318605
115,6,2,LSTM,"{'model_type': 'LSTM', 'hidden_units': 390, 'num_layers': 3, 'dropout_rate': 0.39246930085219456, 'bidirectional': False, 'attention': True, 'learning_rate': 6.38674965878316e-07, 'batch_size': 128, 'weight_decay': 0, 'fitness': 0.5035174834655629, 'accuracy': 0.6883116883116883}","[0.6818181818181818, 0.42857142857142855, 0.9047619047619048, 0.7142857142857143, 0.8095238095238095]",0.7077922077922079,12896132.0,3.1765316486358643
116,4,2,LSTM,"{'model_type': 'LSTM', 'hidden_units': 64, 'num_layers': 1, 'dropout_rate': 0.1, 'bidirectional': False, 'attention': True, 'learning_rate': 5.085232420189351e-06, 'batch_size': 64, 'weight_decay': 5e-05, 'fitness': 0.5674617162878612, 'accuracy': 0.7359307359307359}","[0.6818181818181818, 0.6190476190476191, 0.9047619047619048, 0.6666666666666666, 0.6666666666666666]",0.7077922077922076,661634.0,2.874831438064575
117,3,2,LSTM,"{'model_type': 'LSTM', 'hidden_units': 73, 'num_layers': 1, 'dropout_rate': 0.1, 'bidirectional': False, 'attention': True, 'learning_rate': 1.3294150751977365e-06, 'batch_size': 128, 'weight_decay': 1e-05, 'fitness': 0.536262900275292, 'accuracy': 0.7151515151515151}","[0.6818181818181818, 0.38095238095238093, 0.9523809523809523, 0.7619047619047619, 0.7619047619047619]",0.7077922077922076,761829.0,1.5624757289886475
118,2,2,LSTM,"{'model_type': 'LSTM', 'hidden_units': 64, 'num_layers': 1, 'dropout_rate': 0.5, 'bidirectional': True, 'attention': True, 'learning_rate': 0.00020200289939437227, 'batch_size': 32, 'weight_decay': 0, 'fitness': 0.4911603657365289, 'accuracy': 0.6696969696969697}","[0.7272727272727273, 0.6190476190476191, 0.9047619047619048, 0.7142857142857143, 0.5714285714285714]",0.7073593073593074,661634.0,4.928320789337159
119,3,4,LSTM,"{'model_type': 'LSTM', 'hidden_units': 168, 'num_layers': 1, 'dropout_rate': 0.15908193623343414, 'bidirectional': False, 'attention': True, 'learning_rate': 5.460475766452419e-07, 'batch_size': 32, 'weight_decay': 1e-05, 'fitness': 0.6142682262886461, 'accuracy': 0.7722943722943723}","[0.7727272727272727, 0.47619047619047616, 0.9523809523809523, 0.6190476190476191, 0.7142857142857143]",0.706926406926407,1928978.0,3.358018684387207
120,4,3,LSTM,"{'model_type': 'LSTM', 'hidden_units': 64, 'num_layers': 1, 'dropout_rate': 0.1, 'bidirectional': True, 'attention': True, 'learning_rate': 3.851393797533389e-07, 'batch_size': 64, 'weight_decay': 1e-05, 'fitness': 0.5674617162878612, 'accuracy': 0.7359307359307359}","[0.8181818181818182, 0.42857142857142855, 0.9047619047619048, 0.6190476190476191, 0.7619047619047619]",0.7064935064935065,661634.0,1.6419483184814454
121,4,2,LSTM,"{'model_type': 'LSTM', 'hidden_units': 64, 'num_layers': 3, 'dropout_rate': 0.11446726638424794, 'bidirectional': False, 'attention': True, 'learning_rate': 0.00048771352492682805, 'batch_size': 64, 'weight_decay': 1e-05, 'fitness': 0.2948978723514092, 'accuracy': 0.519047619047619}","[0.8181818181818182, 0.38095238095238093, 0.9047619047619048, 0.9523809523809523, 0.47619047619047616]",0.7064935064935065,860290.0,3.510277795791626
122,4,5,LSTM,"{'model_type': 'LSTM', 'hidden_units': 203, 'num_layers': 1, 'dropout_rate': 0.17999999999999994, 'bidirectional': True, 'attention': True, 'learning_rate': 0.0004319800385599209, 'batch_size': 32, 'weight_decay': 5e-05, 'fitness': 0.5602992166857372, 'accuracy': 0.7056277056277056}","[0.8181818181818182, 0.6190476190476191, 0.9047619047619048, 0.7142857142857143, 0.47619047619047616]",0.7064935064935065,2408799.0,4.848329162597656
123,9,3,LSTM,"{'model_type': 'LSTM', 'hidden_units': 252, 'num_layers': 1, 'dropout_rate': 0.5, 'bidirectional': True, 'attention': True, 'learning_rate': 0.000165390448087131, 'batch_size': 32, 'weight_decay': 0, 'fitness': 0.30974390993275785, 'accuracy': 0.5467532467532468}","[0.9090909090909091, 0.42857142857142855, 0.9047619047619048, 0.8095238095238095, 0.47619047619047616]",0.7056277056277056,3190070.0,3.3822531700134277
124,5,1,LSTM,"{'model_type': 'LSTM', 'hidden_units': 128, 'num_layers': 1, 'dropout_rate': 0.3079286165310003, 'bidirectional': True, 'attention': True, 'learning_rate': 2.73084630453912e-05, 'batch_size': 32, 'weight_decay': 5e-05}","[0.9090909090909091, 0.38095238095238093, 0.9523809523809523, 0.7142857142857143, 0.5714285714285714]",0.7056277056277056,1429890.0,3.824432182312011
125,4,2,LSTM,"{'model_type': 'LSTM', 'hidden_units': 408, 'num_layers': 3, 'dropout_rate': 0.30500661129542167, 'bidirectional': False, 'attention': True, 'learning_rate': 0.0001, 'batch_size': 32, 'weight_decay': 5e-05, 'fitness': 0.4259664631926848, 'accuracy': 0.6216450216450216}","[0.9090909090909091, 0.3333333333333333, 0.9047619047619048, 0.9047619047619048, 0.47619047619047616]",0.7056277056277056,13765106.0,5.222943258285523
126,1,4,LSTM,"{'model_type': 'LSTM', 'hidden_units': 102, 'num_layers': 1, 'dropout_rate': 0.1274248317510547, 'bidirectional': True, 'attention': True, 'learning_rate': 0.000429742005345353, 'batch_size': 32, 'weight_decay': 0, 'fitness': 0.48552676974779363, 'accuracy': 0.6796536796536797}","[0.9090909090909091, 0.5714285714285714, 0.9047619047619048, 0.6190476190476191, 0.5238095238095238]",0.7056277056277056,1096706.0,3.1527859687805178
127,2,4,LSTM,"{'model_type': 'LSTM', 'hidden_units': 308, 'num_layers': 1, 'dropout_rate': 0.5, 'bidirectional': True, 'attention': True, 'learning_rate': 8.688173386868526e-05, 'batch_size': 128, 'weight_decay': 5e-05, 'fitness': 0.6510034750577307, 'accuracy': 0.800865800865801}","[0.9090909090909091, 0.6666666666666666, 0.7619047619047619, 0.5714285714285714, 0.6190476190476191]",0.7056277056277056,4010778.0,1.4107439994812012
128,1,3,LSTM,"{'model_type': 'LSTM', 'hidden_units': 125, 'num_layers': 1, 'dropout_rate': 0.4187896340170664, 'bidirectional': False, 'attention': True, 'learning_rate': 8.950250709279722e-05, 'batch_size': 32, 'weight_decay': 0, 'fitness': 0.4206739848174405, 'accuracy': 0.6320346320346321}","[0.9090909090909091, 0.6190476190476191, 0.9047619047619048, 0.5714285714285714, 0.5238095238095238]",0.7056277056277056,1375501.0,3.815381336212158
129,6,4,LSTM,"{'model_type': 'LSTM', 'hidden_units': 85, 'num_layers': 1, 'dropout_rate': 0.1, 'bidirectional': True, 'attention': True, 'learning_rate': 0.00010120112468341283, 'batch_size': 128, 'weight_decay': 0, 'fitness': 0.6035950800018675, 'accuracy': 0.7632034632034632}","[0.9090909090909091, 0.38095238095238093, 0.9047619047619048, 0.6666666666666666, 0.6666666666666666]",0.7056277056277056,905677.0,8.12775297164917
130,8,3,LSTM,"{'model_type': 'LSTM', 'hidden_units': 390, 'num_layers': 2, 'dropout_rate': 0.48143897526130996, 'bidirectional': True, 'attention': True, 'learning_rate': 4.749307963380894e-06, 'batch_size': 32, 'weight_decay': 1e-05, 'fitness': 0.34705197040145686, 'accuracy': 0.5476190476190477}","[0.5909090909090909, 0.47619047619047616, 0.9523809523809523, 0.9047619047619048, 0.5714285714285714]",0.6991341991341992,9239492.0,2.9563748836517334
131,8,2,LSTM,"{'model_type': 'LSTM', 'hidden_units': 512, 'num_layers': 4, 'dropout_rate': 0.30446216348957533, 'bidirectional': True, 'attention': True, 'learning_rate': 1.2730501155464241e-05, 'batch_size': 128, 'weight_decay': 1e-05, 'fitness': 0.28582756775739576, 'accuracy': 0.5190476190476191}","[0.5909090909090909, 0.3333333333333333, 0.9047619047619048, 0.9047619047619048, 0.7619047619047619]",0.699134199134199,26977794.0,3.3694379329681396
132,4,2,LSTM,"{'model_type': 'LSTM', 'hidden_units': 64, 'num_layers': 1, 'dropout_rate': 0.1, 'bidirectional': True, 'attention': True, 'learning_rate': 5.74349177498517e-05, 'batch_size': 64, 'weight_decay': 5e-05, 'fitness': 0.4372391436960356, 'accuracy': 0.6337662337662338}","[0.6363636363636364, 0.5714285714285714, 0.9047619047619048, 0.6666666666666666, 0.7142857142857143]",0.6987012987012987,661634.0,2.12343168258667
133,1,3,LSTM,"{'model_type': 'LSTM', 'hidden_units': 229, 'num_layers': 3, 'dropout_rate': 0.2939130899161738, 'bidirectional': True, 'attention': True, 'learning_rate': 0.0003907852461951223, 'batch_size': 32, 'weight_decay': 0, 'fitness': 0.5356981430160264, 'accuracy': 0.716017316017316}","[0.6363636363636364, 0.6190476190476191, 0.6666666666666666, 0.9523809523809523, 0.6190476190476191]",0.6987012987012986,5306389.0,4.9623676300048825
134,9,1,LSTM,"{'model_type': 'LSTM', 'hidden_units': 172, 'num_layers': 2, 'dropout_rate': 0.3977793955366137, 'bidirectional': True, 'attention': True, 'learning_rate': 9.247303715573927e-06, 'batch_size': 32, 'weight_decay': 1e-05}","[0.6818181818181818, 0.6190476190476191, 0.9047619047619048, 0.5238095238095238, 0.7619047619047619]",0.6982683982683981,2724998.0,4.944967555999756
135,7,1,LSTM,"{'model_type': 'LSTM', 'hidden_units': 236, 'num_layers': 4, 'dropout_rate': 0.24662636216636638, 'bidirectional': True, 'attention': True, 'learning_rate': 3.930492152271223e-05, 'batch_size': 32, 'weight_decay': 5e-05}","[0.6818181818181818, 0.6666666666666666, 0.8571428571428571, 0.47619047619047616, 0.8095238095238095]",0.6982683982683981,6963654.0,43.289457416534425
136,3,5,LSTM,"{'model_type': 'LSTM', 'hidden_units': 512, 'num_layers': 1, 'dropout_rate': 0.5, 'bidirectional': False, 'attention': True, 'learning_rate': 0.0001205549195046317, 'batch_size': 32, 'weight_decay': 1e-05, 'fitness': 0.6142682262886461, 'accuracy': 0.7722943722943723}","[0.6818181818181818, 0.6190476190476191, 0.9523809523809523, 0.6666666666666666, 0.5714285714285714]",0.6982683982683981,7816194.0,4.158222818374634
137,3,2,LSTM,"{'model_type': 'LSTM', 'hidden_units': 512, 'num_layers': 2, 'dropout_rate': 0.24200838506936498, 'bidirectional': True, 'attention': True, 'learning_rate': 0.0024082246852806916, 'batch_size': 128, 'weight_decay': 1e-05, 'fitness': 0.4957838992031851, 'accuracy': 0.6614718614718614}","[0.7727272727272727, 0.6666666666666666, 0.9047619047619048, 0.38095238095238093, 0.7619047619047619]",0.6974025974025974,14115842.0,2.203239107131958
138,5,1,LSTM,"{'model_type': 'LSTM', 'hidden_units': 128, 'num_layers': 2, 'dropout_rate': 0.5, 'bidirectional': False, 'attention': True, 'learning_rate': 5e-05, 'batch_size': 32, 'weight_decay': 5e-05}","[0.7727272727272727, 0.6666666666666666, 0.6190476190476191, 0.9047619047619048, 0.5238095238095238]",0.6974025974025974,1825154.0,6.368510293960571
139,9,1,LSTM,"{'model_type': 'LSTM', 'hidden_units': 128, 'num_layers': 2, 'dropout_rate': 0.3255531583170336, 'bidirectional': True, 'attention': True, 'learning_rate': 5.011872336272725e-05, 'batch_size': 32, 'weight_decay': 1e-05}","[0.8181818181818182, 0.6190476190476191, 0.9047619047619048, 0.6666666666666666, 0.47619047619047616]",0.696969696969697,1825154.0,6.061892080307007
140,4,5,LSTM,"{'model_type': 'LSTM', 'hidden_units': 236, 'num_layers': 1, 'dropout_rate': 0.430920009397005, 'bidirectional': True, 'attention': True, 'learning_rate': 0.0018358415745881233, 'batch_size': 64, 'weight_decay': 1e-05, 'fitness': 0.6009004036576722, 'accuracy': 0.7372294372294372}","[0.9090909090909091, 0.6190476190476191, 0.9047619047619048, 0.5238095238095238, 0.5238095238095238]",0.6961038961038961,2886282.0,2.4915002822875976
141,8,3,LSTM,"{'model_type': 'LSTM', 'hidden_units': 444, 'num_layers': 2, 'dropout_rate': 0.5, 'bidirectional': False, 'attention': True, 'learning_rate': 0.11136408791577371, 'batch_size': 32, 'weight_decay': 5e-05, 'fitness': 0.48381862941249426, 'accuracy': 0.6766233766233766}","[0.9090909090909091, 0.6190476190476191, 0.9047619047619048, 0.5714285714285714, 0.47619047619047616]",0.6961038961038961,11381942.0,5.915429544448853
142,1,1,LSTM,"{'model_type': 'LSTM', 'hidden_units': 179, 'num_layers': 1, 'dropout_rate': 0.28776554962506506, 'bidirectional': False, 'attention': True, 'learning_rate': 0.00012457309396155178, 'batch_size': 32, 'weight_decay': 5e-05}","[0.9090909090909091, 0.47619047619047616, 0.9047619047619048, 0.6666666666666666, 0.5238095238095238]",0.6961038961038961,2076043.0,2.261524200439453
143,2,5,LSTM,"{'model_type': 'LSTM', 'hidden_units': 204, 'num_layers': 1, 'dropout_rate': 0.29815652049132463, 'bidirectional': True, 'attention': True, 'learning_rate': 3.816778909618178e-05, 'batch_size': 128, 'weight_decay': 5e-05, 'fitness': 0.574359308101757, 'accuracy': 0.7341991341991341}","[0.9090909090909091, 0.38095238095238093, 0.9047619047619048, 0.7619047619047619, 0.5238095238095238]",0.6961038961038961,2423114.0,1.771202707290649
144,7,1,LSTM,"{'model_type': 'LSTM', 'hidden_units': 294, 'num_layers': 1, 'dropout_rate': 0.1, 'bidirectional': False, 'attention': True, 'learning_rate': 0.0001412537544622754, 'batch_size': 64, 'weight_decay': 5e-05}","[0.5454545454545454, 0.38095238095238093, 0.9523809523809523, 0.8571428571428571, 0.7142857142857143]",0.69004329004329,3869924.0,7.940536308288574
145,1,3,LSTM,"{'model_type': 'LSTM', 'hidden_units': 352, 'num_layers': 4, 'dropout_rate': 0.1, 'bidirectional': False, 'attention': True, 'learning_rate': 0.0001876403374634771, 'batch_size': 64, 'weight_decay': 5e-05, 'fitness': 0.5181235119450215, 'accuracy': 0.6961038961038961}","[0.5909090909090909, 0.6190476190476191, 0.5238095238095238, 0.9523809523809523, 0.7619047619047619]",0.6896103896103896,13690690.0,5.634090328216553
146,2,2,LSTM,"{'model_type': 'LSTM', 'hidden_units': 64, 'num_layers': 1, 'dropout_rate': 0.45128514167309725, 'bidirectional': False, 'attention': True, 'learning_rate': 0.0013182567385564075, 'batch_size': 32, 'weight_decay': 1e-05, 'fitness': 0.39119573018470544, 'accuracy': 0.6034632034632035}","[0.6363636363636364, 0.5714285714285714, 0.9523809523809523, 0.5714285714285714, 0.7142857142857143]",0.6891774891774892,661634.0,3.760811376571655
147,2,5,LSTM,"{'model_type': 'LSTM', 'hidden_units': 456, 'num_layers': 1, 'dropout_rate': 0.2960089675443431, 'bidirectional': True, 'attention': True, 'learning_rate': 0.0024289071949755076, 'batch_size': 32, 'weight_decay': 1e-05, 'fitness': 0.36417673541349344, 'accuracy': 0.5935064935064934}","[0.6363636363636364, 0.47619047619047616, 0.9523809523809523, 0.6666666666666666, 0.7142857142857143]",0.6891774891774891,6680402.0,4.091438865661621
148,4,2,LSTM,"{'model_type': 'LSTM', 'hidden_units': 64, 'num_layers': 1, 'dropout_rate': 0.1, 'bidirectional': True, 'attention': True, 'learning_rate': 6.526518983197493e-06, 'batch_size': 64, 'weight_decay': 1e-05, 'fitness': 0.3420024444668551, 'accuracy': 0.5575757575757575}","[0.6818181818181818, 0.7142857142857143, 0.9047619047619048, 0.47619047619047616, 0.6666666666666666]",0.6887445887445887,661634.0,2.871254253387451
149,6,5,LSTM,"{'model_type': 'LSTM', 'hidden_units': 185, 'num_layers': 1, 'dropout_rate': 0.16695791389699147, 'bidirectional': True, 'attention': True, 'learning_rate': 6.693339786924787e-06, 'batch_size': 64, 'weight_decay': 0, 'fitness': 0.6446541922637208, 'accuracy': 0.7818181818181817}","[0.6818181818181818, 0.6190476190476191, 0.8571428571428571, 0.6190476190476191, 0.6666666666666666]",0.6887445887445887,2193177.0,7.977726078033447
150,9,4,LSTM,"{'model_type': 'LSTM', 'hidden_units': 512, 'num_layers': 3, 'dropout_rate': 0.1, 'bidirectional': True, 'attention': True, 'learning_rate': 5.176577297183705e-06, 'batch_size': 128, 'weight_decay': 1e-05, 'fitness': 0.42402964532432963, 'accuracy': 0.641991341991342}","[0.7272727272727273, 0.6190476190476191, 0.9047619047619048, 0.6666666666666666, 0.5238095238095238]",0.6883116883116883,20678146.0,2.0246989727020264
151,6,1,LSTM,"{'model_type': 'LSTM', 'hidden_units': 64, 'num_layers': 1, 'dropout_rate': 0.5, 'bidirectional': False, 'attention': True, 'learning_rate': 1.4125375446227554e-06, 'batch_size': 128, 'weight_decay': 5e-05}","[0.7272727272727273, 0.38095238095238093, 0.9047619047619048, 0.6666666666666666, 0.7619047619047619]",0.6883116883116883,665794.0,1.3550041675567628
152,9,4,LSTM,"{'model_type': 'LSTM', 'hidden_units': 512, 'num_layers': 2, 'dropout_rate': 0.5, 'bidirectional': True, 'attention': True, 'learning_rate': 0.00035107628541284117, 'batch_size': 64, 'weight_decay': 5e-05, 'fitness': 0.44504495215416034, 'accuracy': 0.6307359307359307}","[0.7727272727272727, 0.38095238095238093, 0.9047619047619048, 0.9047619047619048, 0.47619047619047616]",0.6878787878787879,14378498.0,1.704564380645752
153,6,2,LSTM,"{'model_type': 'LSTM', 'hidden_units': 64, 'num_layers': 2, 'dropout_rate': 0.264111621274007, 'bidirectional': False, 'attention': True, 'learning_rate': 1.3167223372787304e-08, 'batch_size': 128, 'weight_decay': 0, 'fitness': 0.6035950800018675, 'accuracy': 0.7632034632034632}","[0.7727272727272727, 0.6190476190476191, 0.6190476190476191, 0.7142857142857143, 0.7142857142857143]",0.6878787878787879,765122.0,2.9187026977539063
154,1,5,LSTM,"{'model_type': 'LSTM', 'hidden_units': 83, 'num_layers': 1, 'dropout_rate': 0.30667441166367176, 'bidirectional': True, 'attention': True, 'learning_rate': 2.5966523887325704e-05, 'batch_size': 32, 'weight_decay': 5e-05, 'fitness': 0.6360372090061538, 'accuracy': 0.7722943722943721}","[0.7727272727272727, 0.5714285714285714, 0.9047619047619048, 0.5238095238095238, 0.6666666666666666]",0.6878787878787878,874987.0,2.9665699005126953
155,3,2,LSTM,"{'model_type': 'LSTM', 'hidden_units': 371, 'num_layers': 2, 'dropout_rate': 0.20562311345342016, 'bidirectional': False, 'attention': True, 'learning_rate': 0.007522105162311782, 'batch_size': 128, 'weight_decay': 5e-05, 'fitness': 0.5304247755334868, 'accuracy': 0.7082251082251082}","[0.8181818181818182, 0.38095238095238093, 0.9047619047619048, 0.7142857142857143, 0.6190476190476191]",0.6874458874458875,8397215.0,2.3527244567871093
156,3,2,LSTM,"{'model_type': 'LSTM', 'hidden_units': 368, 'num_layers': 2, 'dropout_rate': 0.13282524807266258, 'bidirectional': False, 'attention': True, 'learning_rate': 5.5741878399116235e-05, 'batch_size': 128, 'weight_decay': 5e-05, 'fitness': 0.3576356294796123, 'accuracy': 0.5653679653679654}","[0.8181818181818182, 0.3333333333333333, 0.9047619047619048, 0.6666666666666666, 0.7142857142857143]",0.6874458874458875,8291042.0,2.6819862842559816
157,2,2,LSTM,"{'model_type': 'LSTM', 'hidden_units': 64, 'num_layers': 2, 'dropout_rate': 0.19798194823262924, 'bidirectional': False, 'attention': True, 'learning_rate': 2.29086765276777e-06, 'batch_size': 128, 'weight_decay': 1e-05, 'fitness': 0.5587235329419237, 'accuracy': 0.7277056277056276}","[0.9090909090909091, 0.3333333333333333, 0.9047619047619048, 0.8095238095238095, 0.47619047619047616]",0.6865800865800866,760962.0,2.1604154109954834
158,4,5,LSTM,"{'model_type': 'LSTM', 'hidden_units': 512, 'num_layers': 2, 'dropout_rate': 0.21991986447738263, 'bidirectional': False, 'attention': True, 'learning_rate': 1.9335353661028303, 'batch_size': 32, 'weight_decay': 1e-05, 'fitness': 0.5735086757567329, 'accuracy': 0.7367965367965368}","[0.9090909090909091, 0.6190476190476191, 0.5714285714285714, 0.9047619047619048, 0.42857142857142855]",0.6865800865800866,14115842.0,5.192360305786133
159,3,4,LSTM,"{'model_type': 'LSTM', 'hidden_units': 512, 'num_layers': 2, 'dropout_rate': 0.1, 'bidirectional': False, 'attention': True, 'learning_rate': 2.8263082073258444e-05, 'batch_size': 128, 'weight_decay': 5e-05, 'fitness': 0.6799146310138611, 'accuracy': 0.8112554112554113}","[0.9090909090909091, 0.38095238095238093, 0.9523809523809523, 0.47619047619047616, 0.7142857142857143]",0.6865800865800866,14115842.0,1.5152013778686524
160,3,4,LSTM,"{'model_type': 'LSTM', 'hidden_units': 512, 'num_layers': 2, 'dropout_rate': 0.22465115251685586, 'bidirectional': True, 'attention': True, 'learning_rate': 0.004758200632533145, 'batch_size': 32, 'weight_decay': 1e-05, 'fitness': 0.536262900275292, 'accuracy': 0.7151515151515151}","[0.9090909090909091, 0.42857142857142855, 0.9047619047619048, 0.5238095238095238, 0.6666666666666666]",0.6865800865800865,14115842.0,5.34576826095581
161,9,4,LSTM,"{'model_type': 'LSTM', 'hidden_units': 252, 'num_layers': 1, 'dropout_rate': 0.4706424281023773, 'bidirectional': True, 'attention': True, 'learning_rate': 0.00019242546280398015, 'batch_size': 32, 'weight_decay': 0, 'fitness': 0.5474420643914442, 'accuracy': 0.7194805194805195}","[0.9545454545454546, 0.42857142857142855, 0.9047619047619048, 0.6190476190476191, 0.5238095238095238]",0.6861471861471862,3190070.0,1.4941318035125732
162,1,3,LSTM,"{'model_type': 'LSTM', 'hidden_units': 102, 'num_layers': 1, 'dropout_rate': 0.5, 'bidirectional': True, 'attention': True, 'learning_rate': 7.277369122968331e-06, 'batch_size': 64, 'weight_decay': 5e-05, 'fitness': 0.4527237546972704, 'accuracy': 0.6692640692640691}","[0.6363636363636364, 0.42857142857142855, 0.9047619047619048, 0.7142857142857143, 0.7142857142857143]",0.6796536796536797,1096706.0,2.106652021408081
163,7,1,LSTM,"{'model_type': 'LSTM', 'hidden_units': 512, 'num_layers': 1, 'dropout_rate': 0.23438262068460222, 'bidirectional': False, 'attention': True, 'learning_rate': 0.00025461002310928483, 'batch_size': 128, 'weight_decay': 1e-05}","[0.6363636363636364, 0.5714285714285714, 0.9047619047619048, 0.7142857142857143, 0.5714285714285714]",0.6796536796536797,8078850.0,1.398508596420288
164,9,2,LSTM,"{'model_type': 'LSTM', 'hidden_units': 396, 'num_layers': 2, 'dropout_rate': 0.15039260533937118, 'bidirectional': False, 'attention': True, 'learning_rate': 5.011872336272725e-05, 'batch_size': 128, 'weight_decay': 5e-05, 'fitness': 0.28809634795384, 'accuracy': 0.5073593073593073}","[0.6363636363636364, 0.7619047619047619, 0.6190476190476191, 0.7142857142857143, 0.6666666666666666]",0.6796536796536796,9467174.0,2.453247880935669
165,8,1,LSTM,"{'model_type': 'LSTM', 'hidden_units': 64, 'num_layers': 2, 'dropout_rate': 0.3225844596560571, 'bidirectional': True, 'attention': True, 'learning_rate': 0.00012760729313591828, 'batch_size': 32, 'weight_decay': 5e-05}","[0.7272727272727273, 0.42857142857142855, 0.9523809523809523, 0.6190476190476191, 0.6666666666666666]",0.6787878787878787,765122.0,4.680937719345093
166,7,1,LSTM,"{'model_type': 'LSTM', 'hidden_units': 256, 'num_layers': 3, 'dropout_rate': 0.32288023698774887, 'bidirectional': False, 'attention': True, 'learning_rate': 0.015035617008818173, 'batch_size': 32, 'weight_decay': 5e-05}","[0.7727272727272727, 0.7619047619047619, 0.5714285714285714, 0.5714285714285714, 0.7142857142857143]",0.6783549783549784,6406914.0,6.520706605911255
167,9,2,LSTM,"{'model_type': 'LSTM', 'hidden_units': 512, 'num_layers': 4, 'dropout_rate': 0.2044568495744757, 'bidirectional': True, 'attention': True, 'learning_rate': 1.956543806926213e-06, 'batch_size': 32, 'weight_decay': 5e-05, 'fitness': 0.3882590209540045, 'accuracy': 0.5956709956709956}","[0.8181818181818182, 0.5238095238095238, 0.5714285714285714, 0.9047619047619048, 0.5714285714285714]",0.6779220779220779,26977794.0,6.2114087581634525
168,2,4,LSTM,"{'model_type': 'LSTM', 'hidden_units': 332, 'num_layers': 1, 'dropout_rate': 0.24750458209020929, 'bidirectional': True, 'attention': True, 'learning_rate': 7.6509245221058e-05, 'batch_size': 32, 'weight_decay': 1e-05, 'fitness': 0.5370772716363652, 'accuracy': 0.7264069264069264}","[0.8636363636363636, 0.47619047619047616, 0.9523809523809523, 0.5714285714285714, 0.5238095238095238]",0.6774891774891774,4410954.0,3.4296764850616457
169,3,4,LSTM,"{'model_type': 'LSTM', 'hidden_units': 419, 'num_layers': 1, 'dropout_rate': 0.32641679633205195, 'bidirectional': False, 'attention': True, 'learning_rate': 0.0018425145299354588, 'batch_size': 32, 'weight_decay': 5e-05, 'fitness': 0.5177257577980189, 'accuracy': 0.7082251082251082}","[0.9090909090909091, 0.6666666666666666, 0.7142857142857143, 0.5238095238095238, 0.5714285714285714]",0.6770562770562771,5967399.0,3.1435904026031496
170,9,1,LSTM,"{'model_type': 'LSTM', 'hidden_units': 512, 'num_layers': 2, 'dropout_rate': 0.4047205139996357, 'bidirectional': True, 'attention': True, 'learning_rate': 0.0003, 'batch_size': 32, 'weight_decay': 0}","[0.9090909090909091, 0.38095238095238093, 0.6666666666666666, 0.9047619047619048, 0.5238095238095238]",0.677056277056277,14378498.0,3.4375829219818117
171,2,2,LSTM,"{'model_type': 'LSTM', 'hidden_units': 420, 'num_layers': 1, 'dropout_rate': 0.37707525188266433, 'bidirectional': True, 'attention': True, 'learning_rate': 2.29086765276777e-05, 'batch_size': 128, 'weight_decay': 1e-05, 'fitness': 0.5748129988902875, 'accuracy': 0.7437229437229437}","[0.9090909090909091, 0.38095238095238093, 0.6190476190476191, 0.8095238095238095, 0.6666666666666666]",0.677056277056277,5986682.0,1.4222216129302978
172,8,2,LSTM,"{'model_type': 'LSTM', 'hidden_units': 64, 'num_layers': 2, 'dropout_rate': 0.39497333008218133, 'bidirectional': True, 'attention': True, 'learning_rate': 0.11136408791577371, 'batch_size': 32, 'weight_decay': 5e-05, 'fitness': 0.32074820273864374, 'accuracy': 0.5476190476190476}","[0.9545454545454546, 0.5714285714285714, 0.5714285714285714, 0.7619047619047619, 0.5238095238095238]",0.6766233766233766,765122.0,3.727709913253784
173,7,1,LSTM,"{'model_type': 'LSTM', 'hidden_units': 256, 'num_layers': 3, 'dropout_rate': 0.15461190936510477, 'bidirectional': False, 'attention': True, 'learning_rate': 7.83654268831539e-06, 'batch_size': 128, 'weight_decay': 5e-05}","[0.9545454545454546, 0.2857142857142857, 0.9523809523809523, 0.6666666666666666, 0.5238095238095238]",0.6766233766233765,6406914.0,1.8695958614349368
174,3,3,LSTM,"{'model_type': 'LSTM', 'hidden_units': 368, 'num_layers': 1, 'dropout_rate': 0.1, 'bidirectional': False, 'attention': True, 'learning_rate': 7.276047358315806e-06, 'batch_size': 32, 'weight_decay': 1e-05, 'fitness': 0.536262900275292, 'accuracy': 0.7151515151515151}","[0.5454545454545454, 0.7142857142857143, 0.6190476190476191, 0.9047619047619048, 0.5714285714285714]",0.670995670995671,5034978.0,3.280812215805054
175,4,4,LSTM,"{'model_type': 'LSTM', 'hidden_units': 64, 'num_layers': 2, 'dropout_rate': 0.48842618689260164, 'bidirectional': True, 'attention': True, 'learning_rate': 4.6671488522705125e-05, 'batch_size': 64, 'weight_decay': 1e-05, 'fitness': 0.5735086757567329, 'accuracy': 0.7367965367965368}","[0.5454545454545454, 0.42857142857142855, 0.9047619047619048, 0.9523809523809523, 0.5238095238095238]",0.670995670995671,760962.0,3.3977667808532717
176,4,5,LSTM,"{'model_type': 'LSTM', 'hidden_units': 512, 'num_layers': 4, 'dropout_rate': 0.5, 'bidirectional': False, 'attention': True, 'learning_rate': 0.00012802620718721077, 'batch_size': 32, 'weight_decay': 0, 'fitness': 0.5674617162878612, 'accuracy': 0.7359307359307359}","[0.6363636363636364, 0.42857142857142855, 0.9047619047619048, 0.9047619047619048, 0.47619047619047616]",0.6701298701298701,26715138.0,6.3866493701934814
177,3,2,LSTM,"{'model_type': 'LSTM', 'hidden_units': 64, 'num_layers': 4, 'dropout_rate': 0.5, 'bidirectional': False, 'attention': True, 'learning_rate': 0.00030694079016415206, 'batch_size': 32, 'weight_decay': 1e-05, 'fitness': 0.18877541379812968, 'accuracy': 0.4238095238095238}","[0.6363636363636364, 0.6666666666666666, 0.5238095238095238, 0.9047619047619048, 0.6190476190476191]",0.6701298701298701,959618.0,6.804051113128662
178,4,5,LSTM,"{'model_type': 'LSTM', 'hidden_units': 64, 'num_layers': 2, 'dropout_rate': 0.1, 'bidirectional': False, 'attention': True, 'learning_rate': 3.4187917101841e-05, 'batch_size': 32, 'weight_decay': 1e-05, 'fitness': 0.5419547317953401, 'accuracy': 0.7268398268398268}","[0.6363636363636364, 0.47619047619047616, 0.9047619047619048, 0.7619047619047619, 0.5714285714285714]",0.67012987012987,760962.0,5.544421195983887
179,8,3,LSTM,"{'model_type': 'LSTM', 'hidden_units': 512, 'num_layers': 2, 'dropout_rate': 0.3719320108443973, 'bidirectional': True, 'attention': True, 'learning_rate': 1.9485679128967293e-05, 'batch_size': 128, 'weight_decay': 5e-05, 'fitness': 0.4241495728999983, 'accuracy': 0.6238095238095237}","[0.6363636363636364, 0.38095238095238093, 0.9047619047619048, 0.6666666666666666, 0.7619047619047619]",0.67012987012987,14378498.0,1.5477032661437988
180,2,1,LSTM,"{'model_type': 'LSTM', 'hidden_units': 512, 'num_layers': 1, 'dropout_rate': 0.33807646555638693, 'bidirectional': False, 'attention': True, 'learning_rate': 0.000630957344480193, 'batch_size': 128, 'weight_decay': 1e-05}","[0.6818181818181818, 0.2857142857142857, 0.9047619047619048, 0.7142857142857143, 0.7619047619047619]",0.6696969696969697,7816194.0,1.792351531982422
181,8,3,LSTM,"{'model_type': 'LSTM', 'hidden_units': 105, 'num_layers': 2, 'dropout_rate': 0.1887438368314294, 'bidirectional': False, 'attention': True, 'learning_rate': 2.1744793616923195e-06, 'batch_size': 32, 'weight_decay': 5e-05, 'fitness': 0.5851495385165021, 'accuracy': 0.7454545454545454}","[0.6818181818181818, 0.6190476190476191, 0.9523809523809523, 0.47619047619047616, 0.6190476190476191]",0.6696969696969697,1410257.0,4.1042811393737795
182,9,4,LSTM,"{'model_type': 'LSTM', 'hidden_units': 64, 'num_layers': 1, 'dropout_rate': 0.5, 'bidirectional': True, 'attention': True, 'learning_rate': 0.01568116736367841, 'batch_size': 128, 'weight_decay': 1e-05, 'fitness': 0.46756706007934107, 'accuracy': 0.661038961038961}","[0.7272727272727273, 0.3333333333333333, 0.9047619047619048, 0.7619047619047619, 0.6190476190476191]",0.6692640692640692,665794.0,0.8183163642883301
183,1,1,LSTM,"{'model_type': 'LSTM', 'hidden_units': 102, 'num_layers': 2, 'dropout_rate': 0.26949651292984134, 'bidirectional': False, 'attention': True, 'learning_rate': 2.384948468508757e-05, 'batch_size': 32, 'weight_decay': 0}","[0.7272727272727273, 0.7619047619047619, 0.6190476190476191, 0.5714285714285714, 0.6666666666666666]",0.6692640692640691,1348034.0,5.98588547706604
184,2,3,LSTM,"{'model_type': 'LSTM', 'hidden_units': 196, 'num_layers': 2, 'dropout_rate': 0.5, 'bidirectional': True, 'attention': True, 'learning_rate': 7.585775750291836e-06, 'batch_size': 32, 'weight_decay': 1e-05, 'fitness': 0.5748129988902875, 'accuracy': 0.7437229437229437}","[0.8181818181818182, 0.47619047619047616, 0.9047619047619048, 0.5714285714285714, 0.5714285714285714]",0.6683982683982684,3235962.0,6.148270988464356
185,9,4,LSTM,"{'model_type': 'LSTM', 'hidden_units': 402, 'num_layers': 1, 'dropout_rate': 0.5, 'bidirectional': True, 'attention': True, 'learning_rate': 2.9061784289950514e-05, 'batch_size': 32, 'weight_decay': 0, 'fitness': 0.685469853606763, 'accuracy': 0.8199134199134199}","[0.9090909090909091, 0.6190476190476191, 0.5714285714285714, 0.7142857142857143, 0.5238095238095238]",0.6675324675324676,5812520.0,1.5259466171264648
186,4,4,LSTM,"{'model_type': 'LSTM', 'hidden_units': 64, 'num_layers': 1, 'dropout_rate': 0.1, 'bidirectional': True, 'attention': True, 'learning_rate': 1.4318418456494098e-07, 'batch_size': 128, 'weight_decay': 1e-05, 'fitness': 0.4668130940821326, 'accuracy': 0.6497835497835497}","[0.9090909090909091, 0.38095238095238093, 0.47619047619047616, 0.8095238095238095, 0.7619047619047619]",0.6675324675324676,661634.0,1.5937007427215577
187,9,2,LSTM,"{'model_type': 'LSTM', 'hidden_units': 64, 'num_layers': 1, 'dropout_rate': 0.5, 'bidirectional': True, 'attention': True, 'learning_rate': 0.0004387586654927369, 'batch_size': 64, 'weight_decay': 0, 'fitness': 0.5084872885981204, 'accuracy': 0.696969696969697}","[0.9090909090909091, 0.7142857142857143, 0.6190476190476191, 0.47619047619047616, 0.6190476190476191]",0.6675324675324675,665794.0,2.8571872234344484
188,2,3,LSTM,"{'model_type': 'LSTM', 'hidden_units': 240, 'num_layers': 1, 'dropout_rate': 0.38796799370584545, 'bidirectional': False, 'attention': True, 'learning_rate': 0.000416594869898374, 'batch_size': 32, 'weight_decay': 1e-05, 'fitness': 0.5134948075490489, 'accuracy': 0.7073593073593074}","[0.9090909090909091, 0.38095238095238093, 0.9523809523809523, 0.6666666666666666, 0.42857142857142855]",0.6675324675324674,2945762.0,2.791721296310425
189,4,4,LSTM,"{'model_type': 'LSTM', 'hidden_units': 227, 'num_layers': 3, 'dropout_rate': 0.22710347129729438, 'bidirectional': True, 'attention': True, 'learning_rate': 0.00035752248580151987, 'batch_size': 32, 'weight_decay': 5e-05, 'fitness': 0.5602992166857372, 'accuracy': 0.7056277056277056}","[0.45454545454545453, 0.42857142857142855, 0.9047619047619048, 0.9523809523809523, 0.5714285714285714]",0.6623376623376623,5234167.0,4.737517690658569
190,2,5,LSTM,"{'model_type': 'LSTM', 'hidden_units': 64, 'num_layers': 1, 'dropout_rate': 0.36687022011228465, 'bidirectional': True, 'attention': True, 'learning_rate': 5.02508368782131e-07, 'batch_size': 32, 'weight_decay': 0, 'fitness': 0.5983957656831296, 'accuracy': 0.7437229437229437}","[0.5454545454545454, 0.5714285714285714, 0.9047619047619048, 0.7142857142857143, 0.5714285714285714]",0.6614718614718615,661634.0,3.3756240367889405
191,6,3,LSTM,"{'model_type': 'LSTM', 'hidden_units': 206, 'num_layers': 1, 'dropout_rate': 0.3249691851998085, 'bidirectional': False, 'attention': True, 'learning_rate': 0.00016186586460150264, 'batch_size': 128, 'weight_decay': 1e-05, 'fitness': 0.6035950800018675, 'accuracy': 0.7632034632034632}","[0.5454545454545454, 0.3333333333333333, 0.9047619047619048, 0.8095238095238095, 0.7142857142857143]",0.6614718614718615,2494044.0,1.2842353343963624
192,3,1,LSTM,"{'model_type': 'LSTM', 'hidden_units': 512, 'num_layers': 2, 'dropout_rate': 0.14755738562853637, 'bidirectional': True, 'attention': True, 'learning_rate': 0.0002620010285322075, 'batch_size': 64, 'weight_decay': 1e-05}","[0.5454545454545454, 0.42857142857142855, 0.9523809523809523, 0.9523809523809523, 0.42857142857142855]",0.6614718614718614,14115842.0,3.494051456451416
193,2,1,LSTM,"{'model_type': 'LSTM', 'hidden_units': 281, 'num_layers': 2, 'dropout_rate': 0.27570587715355205, 'bidirectional': True, 'attention': True, 'learning_rate': 0.00015848931924611142, 'batch_size': 64, 'weight_decay': 1e-05}","[0.5454545454545454, 0.7619047619047619, 1.0, 0.47619047619047616, 0.5238095238095238]",0.6614718614718614,5475005.0,4.716357135772705
194,9,3,LSTM,"{'model_type': 'LSTM', 'hidden_units': 64, 'num_layers': 2, 'dropout_rate': 0.32445160020035546, 'bidirectional': True, 'attention': True, 'learning_rate': 0.004710625203682268, 'batch_size': 128, 'weight_decay': 5e-05, 'fitness': 0.35621869895436337, 'accuracy': 0.5722943722943723}","[0.5909090909090909, 0.38095238095238093, 0.9047619047619048, 0.7619047619047619, 0.6666666666666666]",0.661038961038961,765122.0,2.7366925716400146
195,4,3,LSTM,"{'model_type': 'LSTM', 'hidden_units': 391, 'num_layers': 3, 'dropout_rate': 0.48553273361575205, 'bidirectional': True, 'attention': True, 'learning_rate': 0.00036130389396770644, 'batch_size': 64, 'weight_decay': 1e-05, 'fitness': 0.5602992166857372, 'accuracy': 0.7056277056277056}","[0.6363636363636364, 0.47619047619047616, 0.6190476190476191, 0.9047619047619048, 0.6666666666666666]",0.6606060606060605,12798995.0,2.9835315704345704
196,1,2,LSTM,"{'model_type': 'LSTM', 'hidden_units': 189, 'num_layers': 1, 'dropout_rate': 0.20276250786372896, 'bidirectional': True, 'attention': True, 'learning_rate': 4.4215266806391273e-05, 'batch_size': 32, 'weight_decay': 5e-05, 'fitness': 0.5356981430160264, 'accuracy': 0.716017316017316}","[0.7272727272727273, 0.42857142857142855, 0.9047619047619048, 0.7142857142857143, 0.5238095238095238]",0.6597402597402597,2212813.0,2.664675760269165
197,2,4,LSTM,"{'model_type': 'LSTM', 'hidden_units': 64, 'num_layers': 2, 'dropout_rate': 0.5, 'bidirectional': True, 'attention': True, 'learning_rate': 1.1547843828835189e-05, 'batch_size': 32, 'weight_decay': 0, 'fitness': 0.6147218006092633, 'accuracy': 0.7627705627705628}","[0.9090909090909091, 0.6666666666666666, 0.5714285714285714, 0.6190476190476191, 0.5238095238095238]",0.658008658008658,760962.0,4.275168514251709
198,6,2,LSTM,"{'model_type': 'LSTM', 'hidden_units': 444, 'num_layers': 1, 'dropout_rate': 0.1, 'bidirectional': True, 'attention': True, 'learning_rate': 3.24900958542494e-05, 'batch_size': 128, 'weight_decay': 5e-05, 'fitness': 0.44047819327765686, 'accuracy': 0.6406926406926405}","[0.9090909090909091, 0.47619047619047616, 0.6190476190476191, 0.5714285714285714, 0.7142857142857143]",0.6580086580086579,6643574.0,1.244331169128418
199,7,1,LSTM,"{'model_type': 'LSTM', 'hidden_units': 64, 'num_layers': 3, 'dropout_rate': 0.1, 'bidirectional': False, 'attention': True, 'learning_rate': 2.5442106516410494e-05, 'batch_size': 64, 'weight_decay': 5e-05}","[0.5, 0.6190476190476191, 0.9047619047619048, 0.7619047619047619, 0.47619047619047616]",0.6523809523809524,864450.0,10.36069393157959
200,9,4,LSTM,"{'model_type': 'LSTM', 'hidden_units': 512, 'num_layers': 4, 'dropout_rate': 0.3419893879648092, 'bidirectional': True, 'attention': True, 'learning_rate': 4.2239785420553045e-06, 'batch_size': 32, 'weight_decay': 0, 'fitness': 0.5421596849269579, 'accuracy': 0.7056277056277056}","[0.5, 0.6190476190476191, 0.6666666666666666, 0.9523809523809523, 0.5238095238095238]",0.6523809523809524,26977794.0,3.3922328472137453
201,9,4,LSTM,"{'model_type': 'LSTM', 'hidden_units': 485, 'num_layers': 1, 'dropout_rate': 0.4274962501476322, 'bidirectional': True, 'attention': True, 'learning_rate': 4.476427903242647e-06, 'batch_size': 128, 'weight_decay': 0, 'fitness': 0.6269665104584355, 'accuracy': 0.7722943722943723}","[0.6363636363636364, 0.47619047619047616, 0.6190476190476191, 0.8095238095238095, 0.7142857142857143]",0.651082251082251,7495677.0,0.9829120635986328
202,4,1,LSTM,"{'model_type': 'LSTM', 'hidden_units': 512, 'num_layers': 4, 'dropout_rate': 0.45935157292484163, 'bidirectional': True, 'attention': True, 'learning_rate': 0.001, 'batch_size': 32, 'weight_decay': 0}","[0.6363636363636364, 0.6190476190476191, 0.47619047619047616, 0.9047619047619048, 0.6190476190476191]",0.651082251082251,26715138.0,7.717399406433105
203,7,2,LSTM,"{'model_type': 'LSTM', 'hidden_units': 427, 'num_layers': 1, 'dropout_rate': 0.23668200664180442, 'bidirectional': False, 'attention': True, 'learning_rate': 0.02704713412817872, 'batch_size': 32, 'weight_decay': 5e-05, 'fitness': 0.5489622422341823, 'accuracy': 0.7151515151515151}","[0.6363636363636364, 0.6666666666666666, 0.9047619047619048, 0.5714285714285714, 0.47619047619047616]",0.651082251082251,6302095.0,3.794870615005493
204,1,2,LSTM,"{'model_type': 'LSTM', 'hidden_units': 87, 'num_layers': 3, 'dropout_rate': 0.24028966454756626, 'bidirectional': False, 'attention': True, 'learning_rate': 4.232500353854716e-06, 'batch_size': 64, 'weight_decay': 5e-05, 'fitness': 0.22004823591357564, 'accuracy': 0.451948051948052}","[0.6818181818181818, 0.5714285714285714, 0.9047619047619048, 0.6190476190476191, 0.47619047619047616]",0.6506493506493507,1287079.0,4.167323017120362
205,1,4,LSTM,"{'model_type': 'LSTM', 'hidden_units': 166, 'num_layers': 3, 'dropout_rate': 0.3468114978692987, 'bidirectional': True, 'attention': True, 'learning_rate': 6.277301896229178e-05, 'batch_size': 32, 'weight_decay': 0, 'fitness': 0.5258333299763531, 'accuracy': 0.7056277056277056}","[0.7272727272727273, 0.3333333333333333, 0.9047619047619048, 0.7142857142857143, 0.5714285714285714]",0.6502164502164502,3229698.0,5.804816055297851
206,3,5,LSTM,"{'model_type': 'LSTM', 'hidden_units': 512, 'num_layers': 1, 'dropout_rate': 0.1, 'bidirectional': True, 'attention': True, 'learning_rate': 9.856781006752309e-05, 'batch_size': 32, 'weight_decay': 1e-05, 'fitness': 0.536262900275292, 'accuracy': 0.7151515151515151}","[0.7272727272727273, 0.5714285714285714, 0.9047619047619048, 0.5238095238095238, 0.5238095238095238]",0.6502164502164501,7816194.0,3.731668329238892
207,4,2,LSTM,"{'model_type': 'LSTM', 'hidden_units': 512, 'num_layers': 3, 'dropout_rate': 0.5, 'bidirectional': True, 'attention': True, 'learning_rate': 0.006802353498851244, 'batch_size': 128, 'weight_decay': 1e-05, 'fitness': 0.4433473393811478, 'accuracy': 0.651082251082251}","[0.7727272727272727, 0.3333333333333333, 0.5238095238095238, 0.7619047619047619, 0.8571428571428571]",0.6497835497835498,20415490.0,2.6417922973632812
208,4,1,LSTM,"{'model_type': 'LSTM', 'hidden_units': 128, 'num_layers': 2, 'dropout_rate': 0.32140071802794856, 'bidirectional': True, 'attention': True, 'learning_rate': 0.0001, 'batch_size': 32, 'weight_decay': 1e-05}","[0.7727272727272727, 0.47619047619047616, 0.6190476190476191, 0.9047619047619048, 0.47619047619047616]",0.6497835497835498,1808642.0,3.488370180130005
209,3,3,LSTM,"{'model_type': 'LSTM', 'hidden_units': 64, 'num_layers': 1, 'dropout_rate': 0.27268864428892614, 'bidirectional': True, 'attention': True, 'learning_rate': 7.474627549393831e-07, 'batch_size': 128, 'weight_decay': 1e-05, 'fitness': 0.46511862256836567, 'accuracy': 0.6701298701298701}","[0.7727272727272727, 0.2857142857142857, 0.9047619047619048, 0.5714285714285714, 0.7142857142857143]",0.6497835497835498,661634.0,0.987740993499756
210,5,1,LSTM,"{'model_type': 'LSTM', 'hidden_units': 486, 'num_layers': 3, 'dropout_rate': 0.3642225601910817, 'bidirectional': False, 'attention': True, 'learning_rate': 5e-05, 'batch_size': 64, 'weight_decay': 0}","[0.7727272727272727, 0.38095238095238093, 0.9047619047619048, 0.5714285714285714, 0.6190476190476191]",0.6497835497835498,18869924.0,3.9982955932617186
211,4,2,LSTM,"{'model_type': 'LSTM', 'hidden_units': 268, 'num_layers': 3, 'dropout_rate': 0.258879339121618, 'bidirectional': True, 'attention': True, 'learning_rate': 6.417129487814517e-05, 'batch_size': 32, 'weight_decay': 1e-05, 'fitness': 0.450487065794899, 'accuracy': 0.6497835497835498}","[0.7727272727272727, 0.3333333333333333, 0.9523809523809523, 0.6666666666666666, 0.5238095238095238]",0.6497835497835497,6828106.0,5.760037851333618
212,3,5,LSTM,"{'model_type': 'LSTM', 'hidden_units': 217, 'num_layers': 3, 'dropout_rate': 0.40717325898619355, 'bidirectional': False, 'attention': True, 'learning_rate': 0.010286314160813164, 'batch_size': 32, 'weight_decay': 1e-05, 'fitness': 0.6048009890318665, 'accuracy': 0.7653679653679654}","[0.7727272727272727, 0.3333333333333333, 0.9523809523809523, 0.42857142857142855, 0.7619047619047619]",0.6497835497835497,4875557.0,6.331689119338989
213,9,1,LSTM,"{'model_type': 'LSTM', 'hidden_units': 64, 'num_layers': 2, 'dropout_rate': 0.35611068906205234, 'bidirectional': True, 'attention': True, 'learning_rate': 0.010813962975130148, 'batch_size': 128, 'weight_decay': 0}","[0.5909090909090909, 0.6190476190476191, 0.7619047619047619, 0.7619047619047619, 0.47619047619047616]",0.641991341991342,765122.0,1.4708433151245115
214,6,3,LSTM,"{'model_type': 'LSTM', 'hidden_units': 240, 'num_layers': 4, 'dropout_rate': 0.30296748135525386, 'bidirectional': True, 'attention': True, 'learning_rate': 0.018502875131437904, 'batch_size': 64, 'weight_decay': 0, 'fitness': 0.4546309952616765, 'accuracy': 0.6580086580086579}","[0.5909090909090909, 0.38095238095238093, 0.6190476190476191, 0.9523809523809523, 0.6666666666666666]",0.641991341991342,7162322.0,5.912189388275147
215,1,2,LSTM,"{'model_type': 'LSTM', 'hidden_units': 229, 'num_layers': 3, 'dropout_rate': 0.3001287260751169, 'bidirectional': False, 'attention': True, 'learning_rate': 0.00012457309396155178, 'batch_size': 32, 'weight_decay': 0, 'fitness': 0.321751494943043, 'accuracy': 0.5341991341991342}","[0.6363636363636364, 0.47619047619047616, 0.7142857142857143, 0.9047619047619048, 0.47619047619047616]",0.6415584415584416,5306389.0,4.2615491390228275
216,6,1,LSTM,"{'model_type': 'LSTM', 'hidden_units': 64, 'num_layers': 2, 'dropout_rate': 0.3690556433964569, 'bidirectional': False, 'attention': True, 'learning_rate': 0.0005547847360339226, 'batch_size': 32, 'weight_decay': 1e-05}","[0.6818181818181818, 0.6666666666666666, 0.6666666666666666, 0.47619047619047616, 0.7142857142857143]",0.6411255411255412,765122.0,5.419286632537842
217,2,5,LSTM,"{'model_type': 'LSTM', 'hidden_units': 288, 'num_layers': 3, 'dropout_rate': 0.44098391319164787, 'bidirectional': True, 'attention': True, 'learning_rate': 0.020137242498623895, 'batch_size': 128, 'weight_decay': 1e-05, 'fitness': 0.5370772716363652, 'accuracy': 0.7264069264069264}","[0.7272727272727273, 0.3333333333333333, 0.7142857142857143, 0.6666666666666666, 0.7619047619047619]",0.6406926406926406,7677506.0,2.873615789413452
218,6,1,LSTM,"{'model_type': 'LSTM', 'hidden_units': 512, 'num_layers': 1, 'dropout_rate': 0.1, 'bidirectional': True, 'attention': True, 'learning_rate': 0.00180250092522166, 'batch_size': 64, 'weight_decay': 5e-05}","[0.7272727272727273, 0.47619047619047616, 0.6666666666666666, 0.9047619047619048, 0.42857142857142855]",0.6406926406926405,8078850.0,2.1318342685699463
219,4,3,LSTM,"{'model_type': 'LSTM', 'hidden_units': 512, 'num_layers': 2, 'dropout_rate': 0.5, 'bidirectional': False, 'attention': True, 'learning_rate': 0.0003696878697653664, 'batch_size': 32, 'weight_decay': 1e-05, 'fitness': 0.4668130940821326, 'accuracy': 0.6497835497835497}","[0.7727272727272727, 0.6666666666666666, 0.6190476190476191, 0.6666666666666666, 0.47619047619047616]",0.6402597402597403,14115842.0,6.660851001739502
220,9,1,LSTM,"{'model_type': 'LSTM', 'hidden_units': 128, 'num_layers': 1, 'dropout_rate': 0.5, 'bidirectional': False, 'attention': True, 'learning_rate': 0.00046346305677196945, 'batch_size': 64, 'weight_decay': 0}","[0.7727272727272727, 0.6190476190476191, 0.5238095238095238, 0.5714285714285714, 0.7142857142857143]",0.6402597402597403,1429890.0,2.5586764335632326
221,4,2,LSTM,"{'model_type': 'LSTM', 'hidden_units': 450, 'num_layers': 4, 'dropout_rate': 0.5, 'bidirectional': True, 'attention': True, 'learning_rate': 0.0006192060638168895, 'batch_size': 32, 'weight_decay': 0, 'fitness': 0.3892285477524149, 'accuracy': 0.5952380952380952}","[0.8181818181818182, 0.42857142857142855, 0.5238095238095238, 0.9047619047619048, 0.5238095238095238]",0.6398268398268397,21164402.0,6.206610059738159
222,2,4,LSTM,"{'model_type': 'LSTM', 'hidden_units': 64, 'num_layers': 1, 'dropout_rate': 0.2781123203444947, 'bidirectional': True, 'attention': True, 'learning_rate': 3.730660216437429e-05, 'batch_size': 32, 'weight_decay': 1e-05, 'fitness': 0.5748129988902875, 'accuracy': 0.7437229437229437}","[0.9090909090909091, 0.47619047619047616, 0.5714285714285714, 0.47619047619047616, 0.7619047619047619]",0.638961038961039,661634.0,2.734837198257446
223,3,4,LSTM,"{'model_type': 'LSTM', 'hidden_units': 172, 'num_layers': 3, 'dropout_rate': 0.1, 'bidirectional': False, 'attention': True, 'learning_rate': 0.04870372570126331, 'batch_size': 32, 'weight_decay': 1e-05, 'fitness': 0.5171525019557541, 'accuracy': 0.6974025974025974}","[0.9090909090909091, 0.6666666666666666, 0.5238095238095238, 0.6190476190476191, 0.47619047619047616]",0.638961038961039,3408010.0,5.443939256668091
224,4,1,LSTM,"{'model_type': 'LSTM', 'hidden_units': 435, 'num_layers': 3, 'dropout_rate': 0.45098783133885156, 'bidirectional': True, 'attention': True, 'learning_rate': 0.0005492802716530591, 'batch_size': 64, 'weight_decay': 1e-05}","[0.45454545454545453, 0.42857142857142855, 0.9523809523809523, 0.6666666666666666, 0.6666666666666666]",0.6337662337662338,15368551.0,5.07233943939209
225,2,3,LSTM,"{'model_type': 'LSTM', 'hidden_units': 496, 'num_layers': 2, 'dropout_rate': 0.2645790322399053, 'bidirectional': True, 'attention': True, 'learning_rate': 0.009968788843624336, 'batch_size': 32, 'weight_decay': 1e-05, 'fitness': 0.5983957656831296, 'accuracy': 0.7437229437229437}","[0.5909090909090909, 0.38095238095238093, 0.5238095238095238, 0.9047619047619048, 0.7619047619047619]",0.6324675324675325,13396962.0,3.4102384567260744
226,1,1,LSTM,"{'model_type': 'LSTM', 'hidden_units': 179, 'num_layers': 2, 'dropout_rate': 0.2302493208824256, 'bidirectional': True, 'attention': True, 'learning_rate': 4.9999999999999996e-05, 'batch_size': 64, 'weight_decay': 0}","[0.6363636363636364, 0.5714285714285714, 0.5714285714285714, 0.9047619047619048, 0.47619047619047616]",0.6320346320346321,2847891.0,3.367913579940796
227,1,1,LSTM,"{'model_type': 'LSTM', 'hidden_units': 115, 'num_layers': 1, 'dropout_rate': 0.365027876406399, 'bidirectional': True, 'attention': True, 'learning_rate': 1.1924742342543784e-05, 'batch_size': 64, 'weight_decay': 0}","[0.6363636363636364, 0.5714285714285714, 0.9523809523809523, 0.5238095238095238, 0.47619047619047616]",0.6320346320346321,1252811.0,1.6759307861328123
228,4,4,LSTM,"{'model_type': 'LSTM', 'hidden_units': 339, 'num_layers': 3, 'dropout_rate': 0.38266191207801525, 'bidirectional': True, 'attention': True, 'learning_rate': 5.248074602497734e-06, 'batch_size': 64, 'weight_decay': 5e-05, 'fitness': 0.572997594644849, 'accuracy': 0.7437229437229437}","[0.6363636363636364, 0.5714285714285714, 0.6666666666666666, 0.5714285714285714, 0.7142857142857143]",0.6320346320346321,10056775.0,4.555467414855957
229,1,2,LSTM,"{'model_type': 'LSTM', 'hidden_units': 179, 'num_layers': 2, 'dropout_rate': 0.3873570790172979, 'bidirectional': True, 'attention': True, 'learning_rate': 2.384948468508757e-05, 'batch_size': 32, 'weight_decay': 5e-05, 'fitness': 0.5257397015854244, 'accuracy': 0.7168831168831169}","[0.6363636363636364, 0.42857142857142855, 0.6666666666666666, 0.6666666666666666, 0.7619047619047619]",0.632034632034632,2847891.0,3.7860178470611574
230,8,3,LSTM,"{'model_type': 'LSTM', 'hidden_units': 281, 'num_layers': 1, 'dropout_rate': 0.20346945692874355, 'bidirectional': False, 'attention': True, 'learning_rate': 0.0003808524049469883, 'batch_size': 64, 'weight_decay': 0, 'fitness': 0.6411877649081296, 'accuracy': 0.7813852813852813}","[0.6818181818181818, 0.42857142857142855, 0.9047619047619048, 0.6190476190476191, 0.5238095238095238]",0.6316017316017316,3654969.0,3.07912073135376
231,6,2,LSTM,"{'model_type': 'LSTM', 'hidden_units': 390, 'num_layers': 2, 'dropout_rate': 0.1, 'bidirectional': False, 'attention': True, 'learning_rate': 0.28898900814809114, 'batch_size': 32, 'weight_decay': 0, 'fitness': 0.5828633308156135, 'accuracy': 0.7541125541125541}","[0.6818181818181818, 0.42857142857142855, 0.9523809523809523, 0.5238095238095238, 0.5714285714285714]",0.6316017316017316,9239492.0,4.2103715419769285
232,9,1,LSTM,"{'model_type': 'LSTM', 'hidden_units': 307, 'num_layers': 4, 'dropout_rate': 0.24977063860333942, 'bidirectional': False, 'attention': True, 'learning_rate': 1e-05, 'batch_size': 64, 'weight_decay': 0}","[0.7272727272727273, 0.42857142857142855, 0.7142857142857143, 0.9047619047619048, 0.38095238095238093]",0.6311688311688312,10889599.0,6.212405157089234
233,4,5,LSTM,"{'model_type': 'LSTM', 'hidden_units': 64, 'num_layers': 3, 'dropout_rate': 0.4084261868926017, 'bidirectional': True, 'attention': True, 'learning_rate': 5.169590397745268e-06, 'batch_size': 32, 'weight_decay': 1e-05, 'fitness': 0.486831139882709, 'accuracy': 0.6675324675324676}","[0.7272727272727273, 0.38095238095238093, 0.9523809523809523, 0.42857142857142855, 0.6666666666666666]",0.631168831168831,860290.0,6.680627727508545
234,6,3,LSTM,"{'model_type': 'LSTM', 'hidden_units': 64, 'num_layers': 1, 'dropout_rate': 0.1, 'bidirectional': False, 'attention': True, 'learning_rate': 0.05389407115200907, 'batch_size': 32, 'weight_decay': 0, 'fitness': 0.3795098929834738, 'accuracy': 0.5813852813852813}","[0.7727272727272727, 0.42857142857142855, 0.9047619047619048, 0.5714285714285714, 0.47619047619047616]",0.6307359307359308,665794.0,6.741263914108276
235,9,3,LSTM,"{'model_type': 'LSTM', 'hidden_units': 108, 'num_layers': 1, 'dropout_rate': 0.5, 'bidirectional': True, 'attention': True, 'learning_rate': 3.763844551287794e-05, 'batch_size': 128, 'weight_decay': 1e-05, 'fitness': 0.4182875573397872, 'accuracy': 0.6402597402597403}","[0.7727272727272727, 0.3333333333333333, 0.9523809523809523, 0.6190476190476191, 0.47619047619047616]",0.6307359307359307,1180550.0,0.963511610031128
236,3,5,LSTM,"{'model_type': 'LSTM', 'hidden_units': 512, 'num_layers': 4, 'dropout_rate': 0.44002350438754395, 'bidirectional': False, 'attention': True, 'learning_rate': 0.3653352101371199, 'batch_size': 32, 'weight_decay': 1e-05, 'fitness': 0.5171525019557541, 'accuracy': 0.6974025974025974}","[0.7727272727272727, 0.38095238095238093, 0.9047619047619048, 0.42857142857142855, 0.6666666666666666]",0.6307359307359307,26715138.0,6.840011692047119
237,9,2,LSTM,"{'model_type': 'LSTM', 'hidden_units': 512, 'num_layers': 2, 'dropout_rate': 0.23982011826186594, 'bidirectional': True, 'attention': True, 'learning_rate': 0.0003, 'batch_size': 64, 'weight_decay': 1e-05, 'fitness': 0.5017957542835532, 'accuracy': 0.677056277056277}","[0.9090909090909091, 0.6666666666666666, 0.5714285714285714, 0.47619047619047616, 0.5238095238095238]",0.6294372294372295,14378498.0,3.545748805999756
238,6,1,LSTM,"{'model_type': 'LSTM', 'hidden_units': 256, 'num_layers': 3, 'dropout_rate': 0.39666537476008257, 'bidirectional': True, 'attention': True, 'learning_rate': 0.0038282187940775494, 'batch_size': 128, 'weight_decay': 0}","[0.9090909090909091, 0.42857142857142855, 0.7142857142857143, 0.6190476190476191, 0.47619047619047616]",0.6294372294372295,6406914.0,2.4462631702423097
239,2,4,LSTM,"{'model_type': 'LSTM', 'hidden_units': 64, 'num_layers': 2, 'dropout_rate': 0.5, 'bidirectional': True, 'attention': True, 'learning_rate': 0.0004365158322401661, 'batch_size': 32, 'weight_decay': 0, 'fitness': 0.5983957656831296, 'accuracy': 0.7437229437229437}","[0.9090909090909091, 0.2857142857142857, 0.5238095238095238, 0.9047619047619048, 0.5238095238095238]",0.6294372294372294,760962.0,3.91569504737854
240,8,1,LSTM,"{'model_type': 'LSTM', 'hidden_units': 390, 'num_layers': 3, 'dropout_rate': 0.15796722372695848, 'bidirectional': False, 'attention': True, 'learning_rate': 0.0001412537544622754, 'batch_size': 128, 'weight_decay': 0}","[0.9090909090909091, 0.3333333333333333, 0.47619047619047616, 0.8095238095238095, 0.6190476190476191]",0.6294372294372294,12896132.0,2.8922363758087157
241,3,5,LSTM,"{'model_type': 'LSTM', 'hidden_units': 512, 'num_layers': 3, 'dropout_rate': 0.2584120954545432, 'bidirectional': True, 'attention': True, 'learning_rate': 0.00045774676881765416, 'batch_size': 32, 'weight_decay': 1e-05, 'fitness': 0.5177257577980189, 'accuracy': 0.7082251082251082}","[0.5, 0.6666666666666666, 0.38095238095238093, 0.9523809523809523, 0.6190476190476191]",0.6238095238095238,20415490.0,6.368236970901489
242,8,1,LSTM,"{'model_type': 'LSTM', 'hidden_units': 64, 'num_layers': 3, 'dropout_rate': 0.18787268939809534, 'bidirectional': True, 'attention': True, 'learning_rate': 0.001, 'batch_size': 128, 'weight_decay': 5e-05}","[0.5, 0.38095238095238093, 0.9047619047619048, 0.7619047619047619, 0.5714285714285714]",0.6238095238095237,864450.0,3.113683557510376
243,8,2,LSTM,"{'model_type': 'LSTM', 'hidden_units': 281, 'num_layers': 3, 'dropout_rate': 0.2790710827662455, 'bidirectional': False, 'attention': True, 'learning_rate': 7.715273548579762e-06, 'batch_size': 128, 'weight_decay': 1e-05, 'fitness': 0.4405714128151258, 'accuracy': 0.6294372294372294}","[0.6818181818181818, 0.2857142857142857, 0.7142857142857143, 0.7619047619047619, 0.6666666666666666]",0.622077922077922,7454089.0,2.4305111885070803
244,6,2,LSTM,"{'model_type': 'LSTM', 'hidden_units': 64, 'num_layers': 2, 'dropout_rate': 0.5, 'bidirectional': False, 'attention': True, 'learning_rate': 6.369866519865943e-05, 'batch_size': 32, 'weight_decay': 5e-05, 'fitness': 0.3293648175908884, 'accuracy': 0.5571428571428572}","[0.7272727272727273, 0.6666666666666666, 0.5714285714285714, 0.6666666666666666, 0.47619047619047616]",0.6216450216450217,765122.0,6.202680063247681
245,4,1,LSTM,"{'model_type': 'LSTM', 'hidden_units': 64, 'num_layers': 1, 'dropout_rate': 0.1, 'bidirectional': False, 'attention': True, 'learning_rate': 0.0001, 'batch_size': 64, 'weight_decay': 1e-05}","[0.7272727272727273, 0.3333333333333333, 0.9047619047619048, 0.6666666666666666, 0.47619047619047616]",0.6216450216450216,661634.0,3.0392942428588867
246,2,5,LSTM,"{'model_type': 'LSTM', 'hidden_units': 472, 'num_layers': 1, 'dropout_rate': 0.3214475661012759, 'bidirectional': True, 'attention': True, 'learning_rate': 0.00033220863852651596, 'batch_size': 128, 'weight_decay': 5e-05, 'fitness': 0.6274204061702583, 'accuracy': 0.7818181818181819}","[0.8181818181818182, 0.2857142857142857, 0.6190476190476191, 0.6666666666666666, 0.7142857142857143]",0.6207792207792208,6997874.0,1.3489232063293457
247,2,1,LSTM,"{'model_type': 'LSTM', 'hidden_units': 256, 'num_layers': 1, 'dropout_rate': 0.20791168792698025, 'bidirectional': True, 'attention': True, 'learning_rate': 4.152436465385058e-05, 'batch_size': 128, 'weight_decay': 0}","[0.9090909090909091, 0.38095238095238093, 0.47619047619047616, 0.7619047619047619, 0.5714285714285714]",0.61991341991342,3187202.0,1.7797444820404054
248,9,3,LSTM,"{'model_type': 'LSTM', 'hidden_units': 340, 'num_layers': 2, 'dropout_rate': 0.46050634178068445, 'bidirectional': True, 'attention': True, 'learning_rate': 1.3893142264193858e-06, 'batch_size': 128, 'weight_decay': 0, 'fitness': 0.46466425779867054, 'accuracy': 0.6796536796536796}","[0.9090909090909091, 0.23809523809523808, 0.5714285714285714, 0.7142857142857143, 0.6666666666666666]",0.6199134199134199,7442942.0,1.9780362606048585
249,9,3,LSTM,"{'model_type': 'LSTM', 'hidden_units': 64, 'num_layers': 1, 'dropout_rate': 0.2626871148481692, 'bidirectional': False, 'attention': True, 'learning_rate': 5.561129573467722e-06, 'batch_size': 128, 'weight_decay': 0, 'fitness': 0.36473653086917135, 'accuracy': 0.5761904761904761}","[0.45454545454545453, 0.42857142857142855, 0.9047619047619048, 0.7142857142857143, 0.5714285714285714]",0.6147186147186148,665794.0,1.3332969665527343
250,7,1,LSTM,"{'model_type': 'LSTM', 'hidden_units': 172, 'num_layers': 2, 'dropout_rate': 0.2530224566214796, 'bidirectional': False, 'attention': True, 'learning_rate': 2.7759838669640958e-06, 'batch_size': 128, 'weight_decay': 5e-05}","[0.45454545454545453, 0.5238095238095238, 0.9047619047619048, 0.6190476190476191, 0.5714285714285714]",0.6147186147186148,2724998.0,2.110718870162964
251,8,1,LSTM,"{'model_type': 'LSTM', 'hidden_units': 390, 'num_layers': 2, 'dropout_rate': 0.3695515647322284, 'bidirectional': True, 'attention': True, 'learning_rate': 0.0001, 'batch_size': 64, 'weight_decay': 1e-05}","[0.5454545454545454, 0.5714285714285714, 0.47619047619047616, 0.9047619047619048, 0.5714285714285714]",0.6138528138528138,9239492.0,3.332117462158203
252,9,3,LSTM,"{'model_type': 'LSTM', 'hidden_units': 108, 'num_layers': 4, 'dropout_rate': 0.5, 'bidirectional': True, 'attention': True, 'learning_rate': 0.005549429012870323, 'batch_size': 32, 'weight_decay': 0, 'fitness': 0.4830879479123757, 'accuracy': 0.6779220779220779}","[0.6818181818181818, 0.5714285714285714, 0.8095238095238095, 0.42857142857142855, 0.5714285714285714]",0.6125541125541126,2025542.0,7.9578348159790036
253,3,4,LSTM,"{'model_type': 'LSTM', 'hidden_units': 351, 'num_layers': 1, 'dropout_rate': 0.17002579689557995, 'bidirectional': True, 'attention': True, 'learning_rate': 1.1569737420592545e-08, 'batch_size': 128, 'weight_decay': 1e-05, 'fitness': 0.68819096844784, 'accuracy': 0.8199134199134198}","[0.6818181818181818, 0.2857142857142857, 0.9047619047619048, 0.5238095238095238, 0.6666666666666666]",0.6125541125541125,4736395.0,1.0462977886199951
254,7,1,LSTM,"{'model_type': 'LSTM', 'hidden_units': 128, 'num_layers': 2, 'dropout_rate': 0.38311411062372863, 'bidirectional': True, 'attention': True, 'learning_rate': 1.9952623149688786e-05, 'batch_size': 128, 'weight_decay': 5e-05}","[0.7272727272727273, 0.38095238095238093, 0.5714285714285714, 0.6666666666666666, 0.7142857142857143]",0.6121212121212121,1825154.0,2.0381728649139403
255,4,4,LSTM,"{'model_type': 'LSTM', 'hidden_units': 153, 'num_layers': 2, 'dropout_rate': 0.4040641084180939, 'bidirectional': True, 'attention': True, 'learning_rate': 0.0006918309709189362, 'batch_size': 128, 'weight_decay': 1e-05, 'fitness': 0.44408626167867926, 'accuracy': 0.6398268398268397}","[0.7272727272727273, 0.42857142857142855, 0.47619047619047616, 0.7619047619047619, 0.6666666666666666]",0.6121212121212121,2295613.0,2.0267064571380615
256,1,3,LSTM,"{'model_type': 'LSTM', 'hidden_units': 142, 'num_layers': 3, 'dropout_rate': 0.3254000370839944, 'bidirectional': True, 'attention': True, 'learning_rate': 4.950423993903617e-05, 'batch_size': 32, 'weight_decay': 5e-05, 'fitness': 0.5257397015854244, 'accuracy': 0.7168831168831169}","[0.7727272727272727, 0.38095238095238093, 0.5714285714285714, 0.8571428571428571, 0.47619047619047616]",0.6116883116883117,2561682.0,5.180461835861206
257,6,1,LSTM,"{'model_type': 'LSTM', 'hidden_units': 128, 'num_layers': 3, 'dropout_rate': 0.1, 'bidirectional': False, 'attention': True, 'learning_rate': 0.00013912876748776735, 'batch_size': 64, 'weight_decay': 0}","[0.7727272727272727, 0.42857142857142855, 0.5238095238095238, 0.6190476190476191, 0.7142857142857143]",0.6116883116883117,2220418.0,3.017100143432617
258,3,1,LSTM,"{'model_type': 'LSTM', 'hidden_units': 307, 'num_layers': 4, 'dropout_rate': 0.38776943414885456, 'bidirectional': True, 'attention': True, 'learning_rate': 4.9999999999999996e-05, 'batch_size': 128, 'weight_decay': 1e-05}","[0.7727272727272727, 0.6190476190476191, 0.38095238095238093, 0.7619047619047619, 0.5238095238095238]",0.6116883116883116,10794735.0,2.0434170246124266
259,9,2,LSTM,"{'model_type': 'LSTM', 'hidden_units': 64, 'num_layers': 1, 'dropout_rate': 0.2522933359387215, 'bidirectional': True, 'attention': True, 'learning_rate': 1.2876698779728022e-05, 'batch_size': 128, 'weight_decay': 0, 'fitness': 0.157936411329356, 'accuracy': 0.3857142857142857}","[0.9090909090909091, 0.42857142857142855, 0.38095238095238093, 0.6666666666666666, 0.6666666666666666]",0.6103896103896103,665794.0,1.3099098682403565
260,3,2,LSTM,"{'model_type': 'LSTM', 'hidden_units': 64, 'num_layers': 2, 'dropout_rate': 0.1, 'bidirectional': True, 'attention': True, 'learning_rate': 8.469906250036461e-05, 'batch_size': 64, 'weight_decay': 1e-05, 'fitness': 0.6218658192534242, 'accuracy': 0.7541125541125541}","[0.5454545454545454, 0.47619047619047616, 0.6190476190476191, 0.6666666666666666, 0.7142857142857143]",0.6043290043290044,760962.0,4.312190198898316
261,1,1,LSTM,"{'model_type': 'LSTM', 'hidden_units': 179, 'num_layers': 3, 'dropout_rate': 0.38902220918789837, 'bidirectional': True, 'attention': True, 'learning_rate': 8.705505632961248e-05, 'batch_size': 64, 'weight_decay': 5e-05}","[0.5454545454545454, 0.3333333333333333, 0.7142857142857143, 0.9047619047619048, 0.5238095238095238]",0.6043290043290043,3619739.0,3.3969717025756836
262,3,5,LSTM,"{'model_type': 'LSTM', 'hidden_units': 512, 'num_layers': 3, 'dropout_rate': 0.44002350438754395, 'bidirectional': False, 'attention': True, 'learning_rate': 0.002042177732369845, 'batch_size': 32, 'weight_decay': 5e-05, 'fitness': 0.6632463970833171, 'accuracy': 0.7913419913419913}","[0.5454545454545454, 0.47619047619047616, 0.5238095238095238, 0.9523809523809523, 0.5238095238095238]",0.6043290043290043,20415490.0,4.6770282745361325
263,8,3,LSTM,"{'model_type': 'LSTM', 'hidden_units': 512, 'num_layers': 3, 'dropout_rate': 0.3225844596560571, 'bidirectional': True, 'attention': True, 'learning_rate': 0.0002774885362859185, 'batch_size': 64, 'weight_decay': 5e-05, 'fitness': 0.489458516062341, 'accuracy': 0.6787878787878787}","[0.5909090909090909, 0.42857142857142855, 0.5238095238095238, 0.9047619047619048, 0.5714285714285714]",0.6038961038961039,20678146.0,3.2850334644317627
264,2,1,LSTM,"{'model_type': 'LSTM', 'hidden_units': 64, 'num_layers': 3, 'dropout_rate': 0.1589831619063518, 'bidirectional': False, 'attention': True, 'learning_rate': 6.309573444801929e-05, 'batch_size': 32, 'weight_decay': 5e-05}","[0.6363636363636364, 0.42857142857142855, 0.5238095238095238, 0.9047619047619048, 0.5238095238095238]",0.6034632034632035,860290.0,5.736826324462891
265,9,1,LSTM,"{'model_type': 'LSTM', 'hidden_units': 64, 'num_layers': 2, 'dropout_rate': 0.5, 'bidirectional': True, 'attention': True, 'learning_rate': 0.0015035617008818181, 'batch_size': 128, 'weight_decay': 0}","[0.7272727272727273, 0.38095238095238093, 0.6666666666666666, 0.5714285714285714, 0.6666666666666666]",0.6025974025974026,765122.0,1.5876489639282227
266,2,3,LSTM,"{'model_type': 'LSTM', 'hidden_units': 64, 'num_layers': 1, 'dropout_rate': 0.37143087107982997, 'bidirectional': True, 'attention': True, 'learning_rate': 0.0003019951720402013, 'batch_size': 128, 'weight_decay': 1e-05, 'fitness': 0.6147218006092633, 'accuracy': 0.7627705627705628}","[0.9090909090909091, 0.38095238095238093, 0.47619047619047616, 0.5714285714285714, 0.6666666666666666]",0.6008658008658009,661634.0,1.506006622314453
267,9,1,LSTM,"{'model_type': 'LSTM', 'hidden_units': 512, 'num_layers': 3, 'dropout_rate': 0.2044568495744757, 'bidirectional': False, 'attention': True, 'learning_rate': 4.9999999999999996e-05, 'batch_size': 64, 'weight_decay': 1e-05}","[0.45454545454545453, 0.38095238095238093, 0.6666666666666666, 0.9047619047619048, 0.5714285714285714]",0.5956709956709956,20678146.0,4.74711799621582
268,4,1,LSTM,"{'model_type': 'LSTM', 'hidden_units': 256, 'num_layers': 2, 'dropout_rate': 0.4329934447567705, 'bidirectional': True, 'attention': True, 'learning_rate': 0.001741101126592248, 'batch_size': 32, 'weight_decay': 1e-05}","[0.5, 0.3333333333333333, 0.9047619047619048, 0.6190476190476191, 0.6190476190476191]",0.5952380952380952,4764162.0,4.648174858093261
269,7,1,LSTM,"{'model_type': 'LSTM', 'hidden_units': 182, 'num_layers': 3, 'dropout_rate': 0.17007818318765355, 'bidirectional': False, 'attention': True, 'learning_rate': 3.5937930668721084e-06, 'batch_size': 64, 'weight_decay': 5e-05}","[0.6363636363636364, 0.38095238095238093, 0.5714285714285714, 0.9047619047619048, 0.47619047619047616]",0.593939393939394,3746836.0,10.368667507171631
270,2,1,LSTM,"{'model_type': 'LSTM', 'hidden_units': 179, 'num_layers': 2, 'dropout_rate': 0.34372546719897007, 'bidirectional': False, 'attention': True, 'learning_rate': 0.003981071705534973, 'batch_size': 128, 'weight_decay': 1e-05}","[0.6818181818181818, 0.38095238095238093, 0.6190476190476191, 0.6666666666666666, 0.6190476190476191]",0.5935064935064934,2848607.0,2.3780019760131834
271,8,2,LSTM,"{'model_type': 'LSTM', 'hidden_units': 64, 'num_layers': 4, 'dropout_rate': 0.5, 'bidirectional': True, 'attention': True, 'learning_rate': 0.000122777468772014, 'batch_size': 64, 'weight_decay': 5e-05, 'fitness': 0.5851495385165021, 'accuracy': 0.7454545454545454}","[0.6818181818181818, 0.38095238095238093, 0.6666666666666666, 0.7619047619047619, 0.47619047619047616]",0.5935064935064934,963778.0,3.2176427841186523
272,2,3,LSTM,"{'model_type': 'LSTM', 'hidden_units': 140, 'num_layers': 2, 'dropout_rate': 0.32626551543227333, 'bidirectional': False, 'attention': True, 'learning_rate': 0.26546055619755415, 'batch_size': 32, 'weight_decay': 5e-05, 'fitness': 0.574359308101757, 'accuracy': 0.7341991341991341}","[0.7272727272727273, 0.5238095238095238, 0.5714285714285714, 0.5714285714285714, 0.5714285714285714]",0.5930735930735931,2037002.0,5.601951456069946
273,4,4,LSTM,"{'model_type': 'LSTM', 'hidden_units': 215, 'num_layers': 3, 'dropout_rate': 0.4989894068514362, 'bidirectional': True, 'attention': True, 'learning_rate': 6.511901802681026e-06, 'batch_size': 32, 'weight_decay': 0, 'fitness': 0.6475372688874688, 'accuracy': 0.7813852813852813}","[0.5454545454545454, 0.7619047619047619, 0.6190476190476191, 0.42857142857142855, 0.5714285714285714]",0.5852813852813853,4805251.0,6.767945194244385
274,8,2,LSTM,"{'model_type': 'LSTM', 'hidden_units': 390, 'num_layers': 2, 'dropout_rate': 0.32097347297516776, 'bidirectional': False, 'attention': True, 'learning_rate': 0.000986862896122779, 'batch_size': 128, 'weight_decay': 1e-05, 'fitness': 0.3991857474093917, 'accuracy': 0.6138528138528138}","[0.5909090909090909, 0.38095238095238093, 0.47619047619047616, 0.7142857142857143, 0.7619047619047619]",0.5848484848484848,9239492.0,1.9482776165008544
275,1,3,LSTM,"{'model_type': 'LSTM', 'hidden_units': 64, 'num_layers': 2, 'dropout_rate': 0.38955917530470846, 'bidirectional': False, 'attention': True, 'learning_rate': 6.3551059989245935e-06, 'batch_size': 32, 'weight_decay': 5e-05, 'fitness': 0.4439954791213972, 'accuracy': 0.6506493506493507}","[0.6363636363636364, 0.38095238095238093, 0.9523809523809523, 0.47619047619047616, 0.47619047619047616]",0.5844155844155844,760706.0,4.336383056640625
276,4,1,LSTM,"{'model_type': 'LSTM', 'hidden_units': 460, 'num_layers': 2, 'dropout_rate': 0.21865662304167788, 'bidirectional': False, 'attention': True, 'learning_rate': 0.0001, 'batch_size': 128, 'weight_decay': 5e-05}","[0.6818181818181818, 0.3333333333333333, 0.5238095238095238, 0.7142857142857143, 0.6666666666666666]",0.5839826839826839,11845002.0,2.6118101596832277
277,8,2,LSTM,"{'model_type': 'LSTM', 'hidden_units': 64, 'num_layers': 3, 'dropout_rate': 0.17455107885800028, 'bidirectional': False, 'attention': True, 'learning_rate': 2.773923680169613e-05, 'batch_size': 32, 'weight_decay': 5e-05, 'fitness': 0.2695010470969486, 'accuracy': 0.5}","[0.6818181818181818, 0.6666666666666666, 0.5714285714285714, 0.5238095238095238, 0.47619047619047616]",0.5839826839826839,864450.0,5.935002946853638
278,8,1,LSTM,"{'model_type': 'LSTM', 'hidden_units': 512, 'num_layers': 4, 'dropout_rate': 0.26454012417482975, 'bidirectional': True, 'attention': True, 'learning_rate': 1.2730501155464241e-05, 'batch_size': 128, 'weight_decay': 5e-05}","[0.6818181818181818, 0.38095238095238093, 0.6666666666666666, 0.42857142857142855, 0.7619047619047619]",0.5839826839826838,26977794.0,2.799941301345825
279,1,2,LSTM,"{'model_type': 'LSTM', 'hidden_units': 96, 'num_layers': 3, 'dropout_rate': 0.3042171989668817, 'bidirectional': True, 'attention': True, 'learning_rate': 2.408832527724681e-05, 'batch_size': 32, 'weight_decay': 0, 'fitness': 0.4206739848174405, 'accuracy': 0.6320346320346321}","[0.8181818181818182, 0.5238095238095238, 0.6190476190476191, 0.47619047619047616, 0.47619047619047616]",0.5826839826839827,1471298.0,5.361210870742798
280,6,2,LSTM,"{'model_type': 'LSTM', 'hidden_units': 174, 'num_layers': 4, 'dropout_rate': 0.21267069046316422, 'bidirectional': False, 'attention': True, 'learning_rate': 0.012132887653737866, 'batch_size': 64, 'weight_decay': 0, 'fitness': 0.31031736371148594, 'accuracy': 0.5380952380952382}","[0.9545454545454546, 0.38095238095238093, 0.6190476190476191, 0.42857142857142855, 0.5238095238095238]",0.5813852813852813,4228028.0,4.422178554534912
281,7,1,LSTM,"{'model_type': 'LSTM', 'hidden_units': 131, 'num_layers': 4, 'dropout_rate': 0.4390366590053021, 'bidirectional': False, 'attention': True, 'learning_rate': 0.0001, 'batch_size': 64, 'weight_decay': 5e-05}","[0.3181818181818182, 0.6666666666666666, 0.6666666666666666, 0.7619047619047619, 0.47619047619047616]",0.577922077922078,2709999.0,4.082873153686523
282,7,1,LSTM,"{'model_type': 'LSTM', 'hidden_units': 64, 'num_layers': 2, 'dropout_rate': 0.27593434314094756, 'bidirectional': True, 'attention': True, 'learning_rate': 0.001, 'batch_size': 128, 'weight_decay': 5e-05}","[0.5, 0.3333333333333333, 0.8095238095238095, 0.8095238095238095, 0.42857142857142855]",0.5761904761904761,765122.0,1.7550851345062255
283,9,1,LSTM,"{'model_type': 'LSTM', 'hidden_units': 512, 'num_layers': 4, 'dropout_rate': 0.35028782874845943, 'bidirectional': False, 'attention': True, 'learning_rate': 1e-05, 'batch_size': 128, 'weight_decay': 5e-05}","[0.5, 0.38095238095238093, 0.6190476190476191, 0.9047619047619048, 0.47619047619047616]",0.5761904761904761,26977794.0,2.258231830596924
284,2,1,LSTM,"{'model_type': 'LSTM', 'hidden_units': 64, 'num_layers': 1, 'dropout_rate': 0.39247395010681685, 'bidirectional': True, 'attention': True, 'learning_rate': 6.309573444801929e-05, 'batch_size': 128, 'weight_decay': 1e-05}","[0.5909090909090909, 0.47619047619047616, 0.6190476190476191, 0.47619047619047616, 0.7142857142857143]",0.5753246753246753,661634.0,1.2361825942993163
285,9,2,LSTM,"{'model_type': 'LSTM', 'hidden_units': 64, 'num_layers': 2, 'dropout_rate': 0.32445160020035546, 'bidirectional': True, 'attention': True, 'learning_rate': 0.015418343437322329, 'batch_size': 32, 'weight_decay': 0, 'fitness': 0.35621869895436337, 'accuracy': 0.5722943722943723}","[0.5909090909090909, 0.5238095238095238, 0.7142857142857143, 0.5238095238095238, 0.5238095238095238]",0.5753246753246752,765122.0,5.307225608825684
286,3,2,LSTM,"{'model_type': 'LSTM', 'hidden_units': 128, 'num_layers': 3, 'dropout_rate': 0.5, 'bidirectional': True, 'attention': True, 'learning_rate': 6.578789760625647e-06, 'batch_size': 64, 'weight_decay': 1e-05, 'fitness': 0.31882532556298704, 'accuracy': 0.5554112554112554}","[0.6818181818181818, 0.5714285714285714, 0.5238095238095238, 0.47619047619047616, 0.6190476190476191]",0.5744588744588744,2203906.0,5.586231088638305
287,6,4,LSTM,"{'model_type': 'LSTM', 'hidden_units': 512, 'num_layers': 3, 'dropout_rate': 0.5, 'bidirectional': False, 'attention': True, 'learning_rate': 6.727717199013347e-06, 'batch_size': 32, 'weight_decay': 5e-05, 'fitness': 0.5979415087180049, 'accuracy': 0.7532467532467532}","[0.7727272727272727, 0.6666666666666666, 0.5238095238095238, 0.47619047619047616, 0.42857142857142855]",0.5735930735930735,20678146.0,19.56493878364563
288,9,1,LSTM,"{'model_type': 'LSTM', 'hidden_units': 128, 'num_layers': 4, 'dropout_rate': 0.32445160020035546, 'bidirectional': True, 'attention': True, 'learning_rate': 5.011872336272725e-05, 'batch_size': 32, 'weight_decay': 0}","[0.9090909090909091, 0.47619047619047616, 0.47619047619047616, 0.5238095238095238, 0.47619047619047616]",0.5722943722943723,2615682.0,5.347219228744507
289,9,2,LSTM,"{'model_type': 'LSTM', 'hidden_units': 64, 'num_layers': 4, 'dropout_rate': 0.3771161201402488, 'bidirectional': False, 'attention': True, 'learning_rate': 0.0003168915578577733, 'batch_size': 128, 'weight_decay': 0, 'fitness': 0.3361454248446978, 'accuracy': 0.5471861471861471}","[0.5, 0.38095238095238093, 0.6666666666666666, 0.7619047619047619, 0.5238095238095238]",0.5666666666666667,963778.0,1.2275466918945312
290,8,2,LSTM,"{'model_type': 'LSTM', 'hidden_units': 64, 'num_layers': 2, 'dropout_rate': 0.15164720190846304, 'bidirectional': True, 'attention': True, 'learning_rate': 0.004587949992482489, 'batch_size': 32, 'weight_decay': 1e-05, 'fitness': 0.6411877649081296, 'accuracy': 0.7813852813852813}","[0.5454545454545454, 0.47619047619047616, 0.5714285714285714, 0.6666666666666666, 0.5714285714285714]",0.5662337662337663,765122.0,4.838888263702392
291,5,1,LSTM,"{'model_type': 'LSTM', 'hidden_units': 128, 'num_layers': 4, 'dropout_rate': 0.1, 'bidirectional': True, 'attention': True, 'learning_rate': 7.924465962305569e-06, 'batch_size': 32, 'weight_decay': 1e-05}","[0.5909090909090909, 0.6190476190476191, 0.38095238095238093, 0.6190476190476191, 0.6190476190476191]",0.5658008658008657,2615682.0,10.97153615951538
292,3,1,LSTM,"{'model_type': 'LSTM', 'hidden_units': 64, 'num_layers': 4, 'dropout_rate': 0.4686639088451664, 'bidirectional': False, 'attention': True, 'learning_rate': 0.0024082246852806916, 'batch_size': 32, 'weight_decay': 1e-05}","[0.6363636363636364, 0.47619047619047616, 0.3333333333333333, 0.9047619047619048, 0.47619047619047616]",0.5653679653679654,959618.0,6.152897834777832
293,2,3,LSTM,"{'model_type': 'LSTM', 'hidden_units': 108, 'num_layers': 2, 'dropout_rate': 0.5, 'bidirectional': True, 'attention': True, 'learning_rate': 2.0447602644740493e-05, 'batch_size': 64, 'weight_decay': 1e-05, 'fitness': 0.36417673541349344, 'accuracy': 0.5935064935064934}","[0.6818181818181818, 0.42857142857142855, 0.6190476190476191, 0.5238095238095238, 0.5714285714285714]",0.564935064935065,1450442.0,3.4598177909851073
294,7,1,LSTM,"{'model_type': 'LSTM', 'hidden_units': 64, 'num_layers': 3, 'dropout_rate': 0.2688174691336173, 'bidirectional': True, 'attention': True, 'learning_rate': 0.0001412537544622754, 'batch_size': 32, 'weight_decay': 5e-05}","[0.6818181818181818, 0.7142857142857143, 0.38095238095238093, 0.42857142857142855, 0.6190476190476191]",0.5649350649350648,864450.0,14.538639068603516
295,6,4,LSTM,"{'model_type': 'LSTM', 'hidden_units': 95, 'num_layers': 1, 'dropout_rate': 0.37289005029691286, 'bidirectional': True, 'attention': True, 'learning_rate': 0.004173520770080521, 'batch_size': 128, 'weight_decay': 5e-05, 'fitness': 0.4546309952616765, 'accuracy': 0.6580086580086579}","[0.6818181818181818, 0.6666666666666666, 0.47619047619047616, 0.38095238095238093, 0.6190476190476191]",0.5649350649350648,1023627.0,5.034107351303101
296,9,4,LSTM,"{'model_type': 'LSTM', 'hidden_units': 221, 'num_layers': 2, 'dropout_rate': 0.3771161201402488, 'bidirectional': True, 'attention': True, 'learning_rate': 0.0048609732910289034, 'batch_size': 128, 'weight_decay': 5e-05, 'fitness': 0.46466425779867054, 'accuracy': 0.6796536796536796}","[0.6818181818181818, 0.38095238095238093, 0.5238095238095238, 0.7142857142857143, 0.5238095238095238]",0.5649350649350648,3891149.0,1.1111289978027343
297,6,3,LSTM,"{'model_type': 'LSTM', 'hidden_units': 157, 'num_layers': 3, 'dropout_rate': 0.1, 'bidirectional': False, 'attention': True, 'learning_rate': 0.04808208273576687, 'batch_size': 32, 'weight_decay': 0, 'fitness': 0.5828633308156135, 'accuracy': 0.7541125541125541}","[0.7272727272727273, 0.47619047619047616, 0.7142857142857143, 0.38095238095238093, 0.5238095238095238]",0.5645021645021645,2996661.0,5.079505681991577
298,4,1,LSTM,"{'model_type': 'LSTM', 'hidden_units': 128, 'num_layers': 1, 'dropout_rate': 0.1, 'bidirectional': True, 'attention': True, 'learning_rate': 7.924465962305569e-06, 'batch_size': 64, 'weight_decay': 1e-05}","[0.45454545454545453, 0.42857142857142855, 0.9047619047619048, 0.47619047619047616, 0.5238095238095238]",0.5575757575757575,1413378.0,2.122651243209839
299,8,2,LSTM,"{'model_type': 'LSTM', 'hidden_units': 444, 'num_layers': 4, 'dropout_rate': 0.1, 'bidirectional': True, 'attention': True, 'learning_rate': 3.1186323257976267e-07, 'batch_size': 128, 'weight_decay': 5e-05, 'fitness': 0.4241495728999983, 'accuracy': 0.6238095238095237}","[0.5, 0.38095238095238093, 0.5714285714285714, 0.6666666666666666, 0.6666666666666666]",0.5571428571428572,20858678.0,3.279518175125122
300,6,3,LSTM,"{'model_type': 'LSTM', 'hidden_units': 128, 'num_layers': 3, 'dropout_rate': 0.16695791389699147, 'bidirectional': True, 'attention': True, 'learning_rate': 0.048380654812456556, 'batch_size': 128, 'weight_decay': 0, 'fitness': 0.6446541922637208, 'accuracy': 0.7818181818181817}","[0.5, 0.6190476190476191, 0.9047619047619048, 0.23809523809523808, 0.5238095238095238]",0.5571428571428572,2220418.0,1.498387908935547
301,6,3,LSTM,"{'model_type': 'LSTM', 'hidden_units': 64, 'num_layers': 4, 'dropout_rate': 0.48136466685218904, 'bidirectional': False, 'attention': True, 'learning_rate': 6.072016736884182e-05, 'batch_size': 128, 'weight_decay': 1e-05, 'fitness': 0.5302561124768106, 'accuracy': 0.716017316017316}","[0.5, 0.38095238095238093, 0.6666666666666666, 0.7619047619047619, 0.47619047619047616]",0.5571428571428572,963778.0,1.278574275970459
302,6,1,LSTM,"{'model_type': 'LSTM', 'hidden_units': 128, 'num_layers': 4, 'dropout_rate': 0.1, 'bidirectional': True, 'attention': True, 'learning_rate': 2.1805770511811908e-05, 'batch_size': 128, 'weight_decay': 5e-05}","[0.5, 0.38095238095238093, 0.6666666666666666, 0.7619047619047619, 0.47619047619047616]",0.5571428571428572,2615682.0,1.2359456062316894
303,3,3,LSTM,"{'model_type': 'LSTM', 'hidden_units': 512, 'num_layers': 4, 'dropout_rate': 0.5, 'bidirectional': False, 'attention': True, 'learning_rate': 2.0762182326925288e-05, 'batch_size': 32, 'weight_decay': 1e-05, 'fitness': 0.68819096844784, 'accuracy': 0.8199134199134198}","[0.5454545454545454, 0.38095238095238093, 0.5238095238095238, 0.9047619047619048, 0.42857142857142855]",0.5567099567099566,26715138.0,6.650263738632202
304,1,2,LSTM,"{'model_type': 'LSTM', 'hidden_units': 240, 'num_layers': 3, 'dropout_rate': 0.22195797408892848, 'bidirectional': True, 'attention': True, 'learning_rate': 0.0002168943542395398, 'batch_size': 32, 'weight_decay': 5e-05, 'fitness': 0.4527237546972704, 'accuracy': 0.6692640692640691}","[0.5909090909090909, 0.6190476190476191, 0.5714285714285714, 0.5238095238095238, 0.47619047619047616]",0.5562770562770563,5717282.0,5.898545980453491
305,8,1,LSTM,"{'model_type': 'LSTM', 'hidden_units': 64, 'num_layers': 2, 'dropout_rate': 0.43076707333036757, 'bidirectional': True, 'attention': True, 'learning_rate': 0.001, 'batch_size': 64, 'weight_decay': 5e-05}","[0.6363636363636364, 0.6190476190476191, 0.5238095238095238, 0.5238095238095238, 0.47619047619047616]",0.5558441558441558,765122.0,4.215032529830933
306,3,1,LSTM,"{'model_type': 'LSTM', 'hidden_units': 128, 'num_layers': 3, 'dropout_rate': 0.41793207052285514, 'bidirectional': True, 'attention': True, 'learning_rate': 6.58116828611607e-05, 'batch_size': 32, 'weight_decay': 1e-05}","[0.6818181818181818, 0.47619047619047616, 0.42857142857142855, 0.6666666666666666, 0.5238095238095238]",0.5554112554112554,2203906.0,4.764225625991822
307,9,2,LSTM,"{'model_type': 'LSTM', 'hidden_units': 512, 'num_layers': 4, 'dropout_rate': 0.5, 'bidirectional': True, 'attention': True, 'learning_rate': 1.5353612841464493e-05, 'batch_size': 128, 'weight_decay': 0, 'fitness': 0.4182875573397872, 'accuracy': 0.6402597402597403}","[0.6818181818181818, 0.6190476190476191, 0.6666666666666666, 0.3333333333333333, 0.47619047619047616]",0.5554112554112554,26977794.0,3.129505968093872
308,1,3,LSTM,"{'model_type': 'LSTM', 'hidden_units': 168, 'num_layers': 4, 'dropout_rate': 0.20860280902989592, 'bidirectional': False, 'attention': True, 'learning_rate': 8.785376951573743e-06, 'batch_size': 64, 'weight_decay': 5e-05, 'fitness': 0.43745378282972175, 'accuracy': 0.6415584415584416}","[0.7272727272727273, 0.42857142857142855, 0.38095238095238093, 0.7619047619047619, 0.47619047619047616]",0.554978354978355,3968498.0,3.897043752670288
309,9,3,LSTM,"{'model_type': 'LSTM', 'hidden_units': 64, 'num_layers': 1, 'dropout_rate': 0.3503546566916188, 'bidirectional': True, 'attention': True, 'learning_rate': 1.1519309193110611e-05, 'batch_size': 128, 'weight_decay': 0, 'fitness': 0.42402964532432963, 'accuracy': 0.641991341991342}","[0.7727272727272727, 0.42857142857142855, 0.47619047619047616, 0.47619047619047616, 0.6190476190476191]",0.5545454545454546,665794.0,1.2898864269256591
310,2,3,LSTM,"{'model_type': 'LSTM', 'hidden_units': 64, 'num_layers': 1, 'dropout_rate': 0.3856973275132442, 'bidirectional': True, 'attention': True, 'learning_rate': 0.0001, 'batch_size': 128, 'weight_decay': 0, 'fitness': 0.6033841512284402, 'accuracy': 0.7532467532467532}","[0.7727272727272727, 0.38095238095238093, 0.47619047619047616, 0.5238095238095238, 0.6190476190476191]",0.5545454545454545,661634.0,1.1347721576690677
311,3,2,LSTM,"{'model_type': 'LSTM', 'hidden_units': 179, 'num_layers': 3, 'dropout_rate': 0.3860417388384682, 'bidirectional': False, 'attention': True, 'learning_rate': 1.6531147321376128e-06, 'batch_size': 32, 'weight_decay': 1e-05, 'fitness': 0.68819096844784, 'accuracy': 0.8199134199134198}","[0.7727272727272727, 0.38095238095238093, 0.5238095238095238, 0.6666666666666666, 0.42857142857142855]",0.5545454545454545,3620455.0,6.28867506980896
312,8,3,LSTM,"{'model_type': 'LSTM', 'hidden_units': 64, 'num_layers': 2, 'dropout_rate': 0.1, 'bidirectional': False, 'attention': True, 'learning_rate': 1.893866935712614e-05, 'batch_size': 64, 'weight_decay': 5e-05, 'fitness': 0.2626983158595115, 'accuracy': 0.4904761904761904}","[0.45454545454545453, 0.5238095238095238, 0.47619047619047616, 0.6666666666666666, 0.6190476190476191]",0.548051948051948,765122.0,3.4244893550872804
313,8,2,LSTM,"{'model_type': 'LSTM', 'hidden_units': 112, 'num_layers': 3, 'dropout_rate': 0.48143897526130996, 'bidirectional': True, 'attention': True, 'learning_rate': 0.002077303725572563, 'batch_size': 128, 'weight_decay': 1e-05, 'fitness': 0.23412688763499362, 'accuracy': 0.4619047619047619}","[0.5, 0.6190476190476191, 0.9047619047619048, 0.23809523809523808, 0.47619047619047616]",0.5476190476190477,1835346.0,1.5537269592285157
314,4,3,LSTM,"{'model_type': 'LSTM', 'hidden_units': 391, 'num_layers': 4, 'dropout_rate': 0.4971065467231504, 'bidirectional': True, 'attention': True, 'learning_rate': 0.011393553533114395, 'batch_size': 128, 'weight_decay': 1e-05, 'fitness': 0.44408626167867926, 'accuracy': 0.6398268398268397}","[0.5, 0.3333333333333333, 0.6666666666666666, 0.7619047619047619, 0.47619047619047616]",0.5476190476190477,16474395.0,1.354839563369751
315,3,1,LSTM,"{'model_type': 'LSTM', 'hidden_units': 128, 'num_layers': 4, 'dropout_rate': 0.42880099423968276, 'bidirectional': False, 'attention': True, 'learning_rate': 2.4082246852806917e-05, 'batch_size': 128, 'weight_decay': 1e-05}","[0.5, 0.6190476190476191, 0.3333333333333333, 0.7619047619047619, 0.5238095238095238]",0.5476190476190477,2599170.0,1.317529058456421
316,8,1,LSTM,"{'model_type': 'LSTM', 'hidden_units': 64, 'num_layers': 4, 'dropout_rate': 0.28959947140823095, 'bidirectional': True, 'attention': True, 'learning_rate': 0.005011872336272725, 'batch_size': 128, 'weight_decay': 1e-05}","[0.5, 0.38095238095238093, 0.6666666666666666, 0.7619047619047619, 0.42857142857142855]",0.5476190476190476,963778.0,1.2197046756744383
317,3,3,LSTM,"{'model_type': 'LSTM', 'hidden_units': 64, 'num_layers': 3, 'dropout_rate': 0.24200838506936498, 'bidirectional': False, 'attention': True, 'learning_rate': 9.336356048721034e-06, 'batch_size': 32, 'weight_decay': 5e-05, 'fitness': 0.5171525019557541, 'accuracy': 0.6974025974025974}","[0.5, 0.6190476190476191, 0.6666666666666666, 0.42857142857142855, 0.5238095238095238]",0.5476190476190476,860290.0,6.902352523803711
318,9,1,LSTM,"{'model_type': 'LSTM', 'hidden_units': 512, 'num_layers': 4, 'dropout_rate': 0.5, 'bidirectional': False, 'attention': True, 'learning_rate': 1e-05, 'batch_size': 128, 'weight_decay': 5e-05}","[0.5454545454545454, 0.38095238095238093, 0.38095238095238093, 0.9047619047619048, 0.5238095238095238]",0.5471861471861471,26977794.0,3.2220744132995605
319,9,1,LSTM,"{'model_type': 'LSTM', 'hidden_units': 64, 'num_layers': 4, 'dropout_rate': 0.36226786455532356, 'bidirectional': True, 'attention': True, 'learning_rate': 0.0010515432259221582, 'batch_size': 32, 'weight_decay': 0}","[0.5909090909090909, 0.6190476190476191, 0.47619047619047616, 0.6666666666666666, 0.38095238095238093]",0.5467532467532468,963778.0,8.91238784790039
320,9,4,LSTM,"{'model_type': 'LSTM', 'hidden_units': 128, 'num_layers': 1, 'dropout_rate': 0.35762132801866037, 'bidirectional': True, 'attention': True, 'learning_rate': 1.060288378787877e-07, 'batch_size': 128, 'weight_decay': 0, 'fitness': 0.5464523884019996, 'accuracy': 0.7251082251082251}","[0.7272727272727273, 0.38095238095238093, 0.47619047619047616, 0.5238095238095238, 0.6190476190476191]",0.5454545454545454,1429890.0,0.5576200485229492
321,6,1,LSTM,"{'model_type': 'LSTM', 'hidden_units': 64, 'num_layers': 4, 'dropout_rate': 0.487157654715889, 'bidirectional': True, 'attention': True, 'learning_rate': 1.0902885255905952e-05, 'batch_size': 128, 'weight_decay': 0}","[0.5, 0.6190476190476191, 0.3333333333333333, 0.7619047619047619, 0.47619047619047616]",0.5380952380952382,963778.0,1.3690462112426758
322,8,2,LSTM,"{'model_type': 'LSTM', 'hidden_units': 64, 'num_layers': 3, 'dropout_rate': 0.4206237089943271, 'bidirectional': True, 'attention': True, 'learning_rate': 1.681126275708758e-05, 'batch_size': 32, 'weight_decay': 0, 'fitness': 0.22732697656933584, 'accuracy': 0.45021645021645024}","[0.5, 0.3333333333333333, 0.6666666666666666, 0.7142857142857143, 0.47619047619047616]",0.5380952380952382,864450.0,6.737312936782837
323,9,2,LSTM,"{'model_type': 'LSTM', 'hidden_units': 74, 'num_layers': 4, 'dropout_rate': 0.2710972055070921, 'bidirectional': False, 'attention': True, 'learning_rate': 2.2791572649100278e-05, 'batch_size': 128, 'weight_decay': 0, 'fitness': 0.6183504135678999, 'accuracy': 0.7627705627705627}","[0.5, 0.6190476190476191, 0.3333333333333333, 0.7619047619047619, 0.47619047619047616]",0.5380952380952382,1176528.0,1.229034662246704
324,4,3,LSTM,"{'model_type': 'LSTM', 'hidden_units': 215, 'num_layers': 3, 'dropout_rate': 0.1, 'bidirectional': False, 'attention': True, 'learning_rate': 0.006802353498851244, 'batch_size': 64, 'weight_decay': 1e-05, 'fitness': 0.4595555000357757, 'accuracy': 0.6497835497835498}","[0.5454545454545454, 0.6666666666666666, 0.5714285714285714, 0.42857142857142855, 0.47619047619047616]",0.5376623376623376,4805251.0,4.570909214019776
325,5,1,LSTM,"{'model_type': 'LSTM', 'hidden_units': 64, 'num_layers': 3, 'dropout_rate': 0.10419100274645551, 'bidirectional': True, 'attention': True, 'learning_rate': 1.1924742342543784e-05, 'batch_size': 32, 'weight_decay': 1e-05}","[0.6818181818181818, 0.3333333333333333, 0.47619047619047616, 0.7142857142857143, 0.47619047619047616]",0.5363636363636364,864450.0,7.016861343383789
326,7,1,LSTM,"{'model_type': 'LSTM', 'hidden_units': 64, 'num_layers': 4, 'dropout_rate': 0.29234517470410765, 'bidirectional': False, 'attention': True, 'learning_rate': 0.0003, 'batch_size': 32, 'weight_decay': 5e-05}","[0.7727272727272727, 0.38095238095238093, 0.7619047619047619, 0.23809523809523808, 0.5238095238095238]",0.5354978354978355,963778.0,28.422400522232056
327,1,1,LSTM,"{'model_type': 'LSTM', 'hidden_units': 204, 'num_layers': 2, 'dropout_rate': 0.3997793751463539, 'bidirectional': False, 'attention': True, 'learning_rate': 0.00030000000000000014, 'batch_size': 64, 'weight_decay': 5e-05}","[0.9090909090909091, 0.42857142857142855, 0.47619047619047616, 0.38095238095238093, 0.47619047619047616]",0.5341991341991342,3424346.0,2.3128306388854982
328,8,2,LSTM,"{'model_type': 'LSTM', 'hidden_units': 341, 'num_layers': 4, 'dropout_rate': 0.43076707333036757, 'bidirectional': False, 'attention': True, 'learning_rate': 0.0015667300448076412, 'batch_size': 128, 'weight_decay': 5e-05, 'fitness': 0.3127376900685164, 'accuracy': 0.5558441558441558}","[0.5, 0.38095238095238093, 0.3333333333333333, 0.9047619047619048, 0.5238095238095238]",0.5285714285714286,13069509.0,1.6600959777832032
329,1,1,LSTM,"{'model_type': 'LSTM', 'hidden_units': 281, 'num_layers': 3, 'dropout_rate': 0.1906407514853377, 'bidirectional': False, 'attention': True, 'learning_rate': 0.00012457309396155178, 'batch_size': 32, 'weight_decay': 5e-05}","[0.6818181818181818, 0.5238095238095238, 0.5714285714285714, 0.42857142857142855, 0.42857142857142855]",0.5268398268398268,7373441.0,4.9447589874267575
330,8,1,LSTM,"{'model_type': 'LSTM', 'hidden_units': 64, 'num_layers': 4, 'dropout_rate': 0.1, 'bidirectional': False, 'attention': True, 'learning_rate': 1.2730501155464241e-05, 'batch_size': 128, 'weight_decay': 1e-05}","[0.5, 0.38095238095238093, 0.47619047619047616, 0.7619047619047619, 0.47619047619047616]",0.5190476190476191,963778.0,1.5833832263946532
331,6,4,LSTM,"{'model_type': 'LSTM', 'hidden_units': 128, 'num_layers': 3, 'dropout_rate': 0.26295420033076305, 'bidirectional': True, 'attention': True, 'learning_rate': 3.918271344157694e-06, 'batch_size': 128, 'weight_decay': 5e-05, 'fitness': 0.6446541922637208, 'accuracy': 0.7818181818181817}","[0.5, 0.6190476190476191, 0.5238095238095238, 0.47619047619047616, 0.47619047619047616]",0.5190476190476191,2220418.0,4.95840630531311
332,4,1,LSTM,"{'model_type': 'LSTM', 'hidden_units': 64, 'num_layers': 3, 'dropout_rate': 0.4293382033451283, 'bidirectional': True, 'attention': True, 'learning_rate': 0.0001, 'batch_size': 32, 'weight_decay': 5e-05}","[0.5, 0.3333333333333333, 0.8095238095238095, 0.42857142857142855, 0.5238095238095238]",0.519047619047619,860290.0,4.819585514068604
333,4,3,LSTM,"{'model_type': 'LSTM', 'hidden_units': 184, 'num_layers': 3, 'dropout_rate': 0.1028846281579553, 'bidirectional': True, 'attention': True, 'learning_rate': 2.193882909611821e-06, 'batch_size': 128, 'weight_decay': 1e-05, 'fitness': 0.49297513996962783, 'accuracy': 0.6887445887445887}","[0.5909090909090909, 0.6190476190476191, 0.6666666666666666, 0.23809523809523808, 0.47619047619047616]",0.5181818181818182,3776050.0,1.628067350387573
334,2,4,LSTM,"{'model_type': 'LSTM', 'hidden_units': 204, 'num_layers': 2, 'dropout_rate': 0.5, 'bidirectional': True, 'attention': True, 'learning_rate': 6.918309709189363e-05, 'batch_size': 128, 'weight_decay': 0, 'fitness': 0.36417673541349344, 'accuracy': 0.5935064935064934}","[0.5909090909090909, 0.42857142857142855, 0.7142857142857143, 0.38095238095238093, 0.47619047619047616]",0.5181818181818182,3425162.0,1.2166294574737548
335,8,3,LSTM,"{'model_type': 'LSTM', 'hidden_units': 64, 'num_layers': 2, 'dropout_rate': 0.5, 'bidirectional': False, 'attention': True, 'learning_rate': 2.0899494508169894e-05, 'batch_size': 32, 'weight_decay': 5e-05, 'fitness': 0.6020233972415554, 'accuracy': 0.7437229437229437}","[0.6363636363636364, 0.38095238095238093, 0.47619047619047616, 0.5714285714285714, 0.5238095238095238]",0.5177489177489176,765122.0,4.087552070617676
336,6,3,LSTM,"{'model_type': 'LSTM', 'hidden_units': 221, 'num_layers': 3, 'dropout_rate': 0.1, 'bidirectional': False, 'attention': True, 'learning_rate': 0.0001845700449181909, 'batch_size': 64, 'weight_decay': 0, 'fitness': 0.42605959015592587, 'accuracy': 0.6294372294372295}","[0.5454545454545454, 0.42857142857142855, 0.47619047619047616, 0.47619047619047616, 0.6190476190476191]",0.509090909090909,5066869.0,7.774574899673462
337,8,2,LSTM,"{'model_type': 'LSTM', 'hidden_units': 64, 'num_layers': 3, 'dropout_rate': 0.1, 'bidirectional': True, 'attention': True, 'learning_rate': 0.00011481690295596814, 'batch_size': 32, 'weight_decay': 1e-05, 'fitness': 0.489458516062341, 'accuracy': 0.6787878787878787}","[0.5454545454545454, 0.38095238095238093, 0.47619047619047616, 0.38095238095238093, 0.7619047619047619]",0.509090909090909,864450.0,7.021197271347046
338,8,3,LSTM,"{'model_type': 'LSTM', 'hidden_units': 109, 'num_layers': 2, 'dropout_rate': 0.5, 'bidirectional': False, 'attention': True, 'learning_rate': 0.00011864491397450812, 'batch_size': 64, 'weight_decay': 0, 'fitness': 0.3991857474093917, 'accuracy': 0.6138528138528138}","[0.5909090909090909, 0.38095238095238093, 0.5238095238095238, 0.6190476190476191, 0.42857142857142855]",0.5086580086580086,1479677.0,3.2531710147857664
339,9,1,LSTM,"{'model_type': 'LSTM', 'hidden_units': 396, 'num_layers': 4, 'dropout_rate': 0.15479829340108325, 'bidirectional': True, 'attention': True, 'learning_rate': 9.247303715573927e-05, 'batch_size': 128, 'weight_decay': 0}","[0.7272727272727273, 0.38095238095238093, 0.5714285714285714, 0.23809523809523808, 0.6190476190476191]",0.5073593073593073,17007014.0,2.890621089935302
340,8,1,LSTM,"{'model_type': 'LSTM', 'hidden_units': 64, 'num_layers': 3, 'dropout_rate': 0.39126800108046517, 'bidirectional': False, 'attention': True, 'learning_rate': 2.773923680169613e-05, 'batch_size': 128, 'weight_decay': 5e-05}","[0.5, 0.38095238095238093, 0.47619047619047616, 0.7619047619047619, 0.38095238095238093]",0.5,864450.0,1.4693966865539552
341,8,3,LSTM,"{'model_type': 'LSTM', 'hidden_units': 341, 'num_layers': 4, 'dropout_rate': 0.34833329337346364, 'bidirectional': True, 'attention': True, 'learning_rate': 1.47951011603547e-08, 'batch_size': 128, 'weight_decay': 5e-05, 'fitness': 0.3198399626136872, 'accuracy': 0.5285714285714286}","[0.5, 0.38095238095238093, 0.9047619047619048, 0.23809523809523808, 0.47619047619047616]",0.5,13069509.0,1.3821993350982666
342,1,4,LSTM,"{'model_type': 'LSTM', 'hidden_units': 185, 'num_layers': 3, 'dropout_rate': 0.404947993588718, 'bidirectional': False, 'attention': True, 'learning_rate': 9.56209404488569e-05, 'batch_size': 32, 'weight_decay': 0, 'fitness': 0.5906858752226561, 'accuracy': 0.7532467532467533}","[0.6363636363636364, 0.42857142857142855, 0.47619047619047616, 0.47619047619047616, 0.47619047619047616]",0.4987012987012987,3806561.0,3.2739370346069334
343,1,2,LSTM,"{'model_type': 'LSTM', 'hidden_units': 64, 'num_layers': 3, 'dropout_rate': 0.41414438572578915, 'bidirectional': True, 'attention': True, 'learning_rate': 0.0005223303379776746, 'batch_size': 64, 'weight_decay': 5e-05, 'fitness': 0.5181235119450215, 'accuracy': 0.6961038961038961}","[0.5, 0.42857142857142855, 0.47619047619047616, 0.5714285714285714, 0.47619047619047616]",0.4904761904761904,860034.0,3.716565418243408
344,8,2,LSTM,"{'model_type': 'LSTM', 'hidden_units': 64, 'num_layers': 4, 'dropout_rate': 0.36994179392092363, 'bidirectional': False, 'attention': True, 'learning_rate': 5.752429817744907e-06, 'batch_size': 64, 'weight_decay': 5e-05, 'fitness': 0.24727881488663478, 'accuracy': 0.4714285714285714}","[0.5, 0.38095238095238093, 0.3333333333333333, 0.7619047619047619, 0.47619047619047616]",0.4904761904761904,963778.0,2.766607236862183
345,7,1,LSTM,"{'model_type': 'LSTM', 'hidden_units': 512, 'num_layers': 3, 'dropout_rate': 0.30841339264648393, 'bidirectional': False, 'attention': True, 'learning_rate': 2.5461002310928485e-06, 'batch_size': 64, 'weight_decay': 5e-05}","[0.5909090909090909, 0.5238095238095238, 0.38095238095238093, 0.47619047619047616, 0.47619047619047616]",0.4896103896103896,20678146.0,4.403879976272583
346,4,3,LSTM,"{'model_type': 'LSTM', 'hidden_units': 64, 'num_layers': 3, 'dropout_rate': 0.24441207273737003, 'bidirectional': True, 'attention': True, 'learning_rate': 3.408428968641403e-06, 'batch_size': 64, 'weight_decay': 1e-05, 'fitness': 0.5009463175459619, 'accuracy': 0.6987012987012987}","[0.5909090909090909, 0.38095238095238093, 0.5238095238095238, 0.47619047619047616, 0.47619047619047616]",0.4896103896103896,860290.0,4.305133056640625
347,7,2,LSTM,"{'model_type': 'LSTM', 'hidden_units': 131, 'num_layers': 4, 'dropout_rate': 0.11407729022986357, 'bidirectional': True, 'attention': True, 'learning_rate': 7.440883478273028e-05, 'batch_size': 64, 'weight_decay': 5e-05, 'fitness': 0.6119073004085477, 'accuracy': 0.7740259740259741}","[0.36363636363636365, 0.42857142857142855, 0.7142857142857143, 0.23809523809523808, 0.6666666666666666]",0.4822510822510822,2709999.0,4.299671840667725
348,9,2,LSTM,"{'model_type': 'LSTM', 'hidden_units': 64, 'num_layers': 2, 'dropout_rate': 0.5, 'bidirectional': False, 'attention': True, 'learning_rate': 0.0015035617008818181, 'batch_size': 128, 'weight_decay': 0, 'fitness': 0.377893890727549, 'accuracy': 0.6025974025974026}","[0.5454545454545454, 0.3333333333333333, 0.8095238095238095, 0.23809523809523808, 0.47619047619047616]",0.4805194805194805,765122.0,1.5633633613586426
349,1,2,LSTM,"{'model_type': 'LSTM', 'hidden_units': 281, 'num_layers': 3, 'dropout_rate': 0.16167366851066262, 'bidirectional': True, 'attention': True, 'learning_rate': 7.507507935748568e-05, 'batch_size': 64, 'weight_decay': 0, 'fitness': 0.28662525467699884, 'accuracy': 0.5268398268398268}","[0.5909090909090909, 0.42857142857142855, 0.5238095238095238, 0.3333333333333333, 0.5238095238095238]",0.4800865800865801,7373441.0,3.5095420360565184
350,8,1,LSTM,"{'model_type': 'LSTM', 'hidden_units': 64, 'num_layers': 4, 'dropout_rate': 0.2678677050813226, 'bidirectional': False, 'attention': True, 'learning_rate': 9.012504626108299e-05, 'batch_size': 128, 'weight_decay': 5e-05}","[0.5, 0.38095238095238093, 0.7142857142857143, 0.23809523809523808, 0.5238095238095238]",0.4714285714285714,963778.0,1.8011464595794675
351,8,3,LSTM,"{'model_type': 'LSTM', 'hidden_units': 218, 'num_layers': 4, 'dropout_rate': 0.40084522716600746, 'bidirectional': True, 'attention': True, 'learning_rate': 3.0840719662989476e-05, 'batch_size': 128, 'weight_decay': 1e-05, 'fitness': 0.5355916495910373, 'accuracy': 0.699134199134199}","[0.5, 0.6190476190476191, 0.47619047619047616, 0.23809523809523808, 0.5238095238095238]",0.4714285714285714,6102912.0,1.657118797302246
352,4,4,LSTM,"{'model_type': 'LSTM', 'hidden_units': 512, 'num_layers': 4, 'dropout_rate': 0.43211008259271605, 'bidirectional': True, 'attention': True, 'learning_rate': 0.00010927777391009531, 'batch_size': 128, 'weight_decay': 5e-05, 'fitness': 0.4595555000357757, 'accuracy': 0.6497835497835498}","[0.7727272727272727, 0.3333333333333333, 0.5238095238095238, 0.23809523809523808, 0.47619047619047616]",0.4688311688311688,26715138.0,2.612148904800415
353,5,1,LSTM,"{'model_type': 'LSTM', 'hidden_units': 512, 'num_layers': 3, 'dropout_rate': 0.1, 'bidirectional': True, 'attention': True, 'learning_rate': 0.0001, 'batch_size': 32, 'weight_decay': 1e-05}","[0.45454545454545453, 0.3333333333333333, 0.42857142857142855, 0.5714285714285714, 0.5238095238095238]",0.4623376623376624,20678146.0,6.302384614944458
354,8,1,LSTM,"{'model_type': 'LSTM', 'hidden_units': 64, 'num_layers': 4, 'dropout_rate': 0.2659724266332175, 'bidirectional': True, 'attention': True, 'learning_rate': 0.001, 'batch_size': 128, 'weight_decay': 1e-05}","[0.5, 0.38095238095238093, 0.6666666666666666, 0.23809523809523808, 0.5238095238095238]",0.4619047619047619,963778.0,0.685142993927002
355,1,3,LSTM,"{'model_type': 'LSTM', 'hidden_units': 230, 'num_layers': 4, 'dropout_rate': 0.17720505539196335, 'bidirectional': False, 'attention': True, 'learning_rate': 1.3323361244149368e-05, 'batch_size': 32, 'weight_decay': 5e-05, 'fitness': 0.6445417857423514, 'accuracy': 0.7922077922077921}","[0.5454545454545454, 0.6666666666666666, 0.38095238095238093, 0.2857142857142857, 0.42857142857142855]",0.4614718614718613,6616642.0,5.322657060623169
356,6,2,LSTM,"{'model_type': 'LSTM', 'hidden_units': 64, 'num_layers': 3, 'dropout_rate': 0.4636893830568072, 'bidirectional': True, 'attention': True, 'learning_rate': 2.11105734777819e-06, 'batch_size': 64, 'weight_decay': 0, 'fitness': 0.3897160496391547, 'accuracy': 0.6116883116883117}","[0.5909090909090909, 0.42857142857142855, 0.3333333333333333, 0.23809523809523808, 0.7142857142857143]",0.461038961038961,864450.0,3.892327642440796
357,2,2,LSTM,"{'model_type': 'LSTM', 'hidden_units': 64, 'num_layers': 2, 'dropout_rate': 0.34372546719897007, 'bidirectional': True, 'attention': True, 'learning_rate': 4.3651583224016566e-05, 'batch_size': 128, 'weight_decay': 0, 'fitness': 0.36417673541349344, 'accuracy': 0.5935064935064934}","[0.5909090909090909, 0.23809523809523808, 0.3333333333333333, 0.6666666666666666, 0.47619047619047616]",0.461038961038961,760962.0,1.346513271331787
358,9,4,LSTM,"{'model_type': 'LSTM', 'hidden_units': 64, 'num_layers': 4, 'dropout_rate': 0.11811115837966077, 'bidirectional': True, 'attention': True, 'learning_rate': 0.0012218759974470914, 'batch_size': 128, 'weight_decay': 0, 'fitness': 0.4830879479123757, 'accuracy': 0.6779220779220779}","[0.5, 0.38095238095238093, 0.6666666666666666, 0.23809523809523808, 0.47619047619047616]",0.4523809523809524,963778.0,0.7425981521606445
359,6,2,LSTM,"{'model_type': 'LSTM', 'hidden_units': 118, 'num_layers': 4, 'dropout_rate': 0.20407188152833172, 'bidirectional': True, 'attention': True, 'learning_rate': 0.0038282187940775494, 'batch_size': 128, 'weight_decay': 0, 'fitness': 0.42605959015592587, 'accuracy': 0.6294372294372295}","[0.5, 0.38095238095238093, 0.6666666666666666, 0.23809523809523808, 0.47619047619047616]",0.4523809523809524,2312212.0,1.2077576160430907
360,1,1,LSTM,"{'model_type': 'LSTM', 'hidden_units': 76, 'num_layers': 3, 'dropout_rate': 0.3828271631221984, 'bidirectional': True, 'attention': True, 'learning_rate': 0.00030000000000000014, 'batch_size': 64, 'weight_decay': 0}","[0.5454545454545454, 0.38095238095238093, 0.5714285714285714, 0.23809523809523808, 0.5238095238095238]",0.451948051948052,1075098.0,3.8970624923706056
361,8,1,LSTM,"{'model_type': 'LSTM', 'hidden_units': 64, 'num_layers': 4, 'dropout_rate': 0.1603131782869494, 'bidirectional': True, 'attention': True, 'learning_rate': 0.00039275751511588195, 'batch_size': 32, 'weight_decay': 5e-05}","[0.7272727272727273, 0.42857142857142855, 0.42857142857142855, 0.23809523809523808, 0.42857142857142855]",0.4502164502164502,963778.0,6.799109935760498
362,9,2,LSTM,"{'model_type': 'LSTM', 'hidden_units': 209, 'num_layers': 4, 'dropout_rate': 0.46129427494351877, 'bidirectional': True, 'attention': True, 'learning_rate': 0.0010515432259221582, 'batch_size': 128, 'weight_decay': 0, 'fitness': 0.30974390993275785, 'accuracy': 0.5467532467532468}","[0.45454545454545453, 0.38095238095238093, 0.6666666666666666, 0.23809523809523808, 0.47619047619047616]",0.4432900432900433,5692953.0,1.2642782211303711
363,7,1,LSTM,"{'model_type': 'LSTM', 'hidden_units': 92, 'num_layers': 4, 'dropout_rate': 0.23960196122644947, 'bidirectional': False, 'attention': True, 'learning_rate': 7.079457843841373e-05, 'batch_size': 32, 'weight_decay': 5e-05}","[0.45454545454545453, 0.42857142857142855, 0.6190476190476191, 0.23809523809523808, 0.47619047619047616]",0.4432900432900433,1601814.0,30.640390729904176
364,7,2,LSTM,"{'model_type': 'LSTM', 'hidden_units': 132, 'num_layers': 4, 'dropout_rate': 0.29471059102906494, 'bidirectional': True, 'attention': True, 'learning_rate': 1.2115266170965337e-06, 'batch_size': 128, 'weight_decay': 5e-05, 'fitness': 0.5237273625951342, 'accuracy': 0.6766233766233765}","[0.5, 0.38095238095238093, 0.5714285714285714, 0.23809523809523808, 0.5238095238095238]",0.4428571428571429,2741774.0,1.4544476509094235
365,2,4,LSTM,"{'model_type': 'LSTM', 'hidden_units': 84, 'num_layers': 3, 'dropout_rate': 0.5, 'bidirectional': True, 'attention': True, 'learning_rate': 0.00031643614307540294, 'batch_size': 128, 'weight_decay': 1e-05, 'fitness': 0.6056519787273493, 'accuracy': 0.7627705627705628}","[0.5, 0.6190476190476191, 0.3333333333333333, 0.23809523809523808, 0.5238095238095238]",0.4428571428571429,1228250.0,1.0504154205322265
366,9,2,LSTM,"{'model_type': 'LSTM', 'hidden_units': 64, 'num_layers': 4, 'dropout_rate': 0.2044568495744757, 'bidirectional': True, 'attention': True, 'learning_rate': 1.496184413030752e-06, 'batch_size': 128, 'weight_decay': 5e-05, 'fitness': 0.42402964532432963, 'accuracy': 0.641991341991342}","[0.5, 0.6190476190476191, 0.3333333333333333, 0.23809523809523808, 0.5238095238095238]",0.4428571428571429,963778.0,1.4026174545288086
367,9,3,LSTM,"{'model_type': 'LSTM', 'hidden_units': 64, 'num_layers': 4, 'dropout_rate': 0.2542322402804976, 'bidirectional': True, 'attention': True, 'learning_rate': 6.678825310769183e-05, 'batch_size': 128, 'weight_decay': 1e-05, 'fitness': 0.5084872885981204, 'accuracy': 0.696969696969697}","[0.5, 0.6190476190476191, 0.3333333333333333, 0.23809523809523808, 0.47619047619047616]",0.4333333333333333,963778.0,1.2621206283569335
368,7,1,LSTM,"{'model_type': 'LSTM', 'hidden_units': 128, 'num_layers': 4, 'dropout_rate': 0.31650525635154814, 'bidirectional': False, 'attention': True, 'learning_rate': 1e-05, 'batch_size': 64, 'weight_decay': 5e-05}","[0.36363636363636365, 0.42857142857142855, 0.7142857142857143, 0.23809523809523808, 0.38095238095238093]",0.4251082251082251,2615682.0,3.4585006713867186
369,9,4,LSTM,"{'model_type': 'LSTM', 'hidden_units': 64, 'num_layers': 2, 'dropout_rate': 0.3255531583170336, 'bidirectional': True, 'attention': True, 'learning_rate': 0.0003527621316036892, 'batch_size': 128, 'weight_decay': 1e-05, 'fitness': 0.5084872885981204, 'accuracy': 0.696969696969697}","[0.5, 0.38095238095238093, 0.5238095238095238, 0.23809523809523808, 0.47619047619047616]",0.4238095238095238,765122.0,0.6593209743499756
370,3,1,LSTM,"{'model_type': 'LSTM', 'hidden_units': 64, 'num_layers': 4, 'dropout_rate': 0.2402555797670448, 'bidirectional': False, 'attention': True, 'learning_rate': 4.754679577383344e-05, 'batch_size': 64, 'weight_decay': 0}","[0.5, 0.47619047619047616, 0.3333333333333333, 0.2857142857142857, 0.5238095238095238]",0.4238095238095238,959618.0,2.664911699295044
371,8,3,LSTM,"{'model_type': 'LSTM', 'hidden_units': 64, 'num_layers': 2, 'dropout_rate': 0.4838769972028217, 'bidirectional': True, 'attention': True, 'learning_rate': 1.681126275708758e-05, 'batch_size': 128, 'weight_decay': 1e-05, 'fitness': 0.3085033137926588, 'accuracy': 0.5380952380952382}","[0.5454545454545454, 0.38095238095238093, 0.47619047619047616, 0.23809523809523808, 0.47619047619047616]",0.4233766233766234,765122.0,1.1333582878112791
372,9,2,LSTM,"{'model_type': 'LSTM', 'hidden_units': 64, 'num_layers': 4, 'dropout_rate': 0.43491931068694895, 'bidirectional': False, 'attention': True, 'learning_rate': 0.00042266860254453755, 'batch_size': 32, 'weight_decay': 0, 'fitness': 0.36473653086917135, 'accuracy': 0.5761904761904761}","[0.5909090909090909, 0.5238095238095238, 0.3333333333333333, 0.23809523809523808, 0.42857142857142855]",0.4229437229437229,963778.0,6.161799764633178
373,8,2,LSTM,"{'model_type': 'LSTM', 'hidden_units': 64, 'num_layers': 4, 'dropout_rate': 0.1, 'bidirectional': False, 'attention': True, 'learning_rate': 1.2730501155464241e-05, 'batch_size': 64, 'weight_decay': 1e-05, 'fitness': 0.3637208076852413, 'accuracy': 0.5839826839826838}","[0.5, 0.38095238095238093, 0.3333333333333333, 0.23809523809523808, 0.5238095238095238]",0.3952380952380953,963778.0,2.818975639343262
374,7,1,LSTM,"{'model_type': 'LSTM', 'hidden_units': 64, 'num_layers': 4, 'dropout_rate': 0.2681239943933962, 'bidirectional': False, 'attention': True, 'learning_rate': 0.001, 'batch_size': 128, 'weight_decay': 5e-05}","[0.5, 0.38095238095238093, 0.3333333333333333, 0.23809523809523808, 0.47619047619047616]",0.3857142857142857,963778.0,5.609521961212158
375,9,1,LSTM,"{'model_type': 'LSTM', 'hidden_units': 64, 'num_layers': 4, 'dropout_rate': 0.18526481754930138, 'bidirectional': False, 'attention': True, 'learning_rate': 0.00030000000000000014, 'batch_size': 128, 'weight_decay': 0}","[0.5, 0.38095238095238093, 0.3333333333333333, 0.23809523809523808, 0.47619047619047616]",0.3857142857142857,963778.0,1.3761115550994871
376,7,1,LSTM,"{'model_type': 'LSTM', 'hidden_units': 64, 'num_layers': 4, 'dropout_rate': 0.42132918755232385, 'bidirectional': True, 'attention': True, 'learning_rate': 1.9952623149688787e-07, 'batch_size': 64, 'weight_decay': 5e-05}","[0.36363636363636365, 0.38095238095238093, 0.3333333333333333, 0.23809523809523808, 0.5238095238095238]",0.367965367965368,963778.0,2.738420104980469
